Name,Frequency,Gender
袗谢械泻褋邪薪写褉,1448706,m
小械褉谐械泄,1296918,m
袙谢邪写懈屑懈褉,881026,m
袗薪写褉械泄,775150,m
袗谢械泻褋械泄,770366,m
袛屑懈褌褉懈泄,627455,m
袝谢械薪邪,603849,f
孝邪褌褜褟薪邪,526998,f
袝胁谐械薪懈泄,484873,m
袧懈泻芯谢邪泄,474030,m
袧邪褌邪谢褜褟,467125,f
袨谢褜谐邪,463471,f
挟褉懈泄,441973,m
袠谐芯褉褜,432563,m
袦懈褏邪懈谢,417732,m
袠褉懈薪邪,395608,f
袙懈泻褌芯褉,388938,m
小胁械褌谢邪薪邪,372890,f
袨谢械谐,369229,m
袙邪谢械褉懈泄,280628,m
袗薪邪褌芯谢懈泄,256250,m
袥褞写屑懈谢邪,250869,f
袚邪谢懈薪邪,247882,f
袩邪胁械谢,246078,m
袠胁邪薪,229222,m
袦邪泻褋懈屑,225200,m
袦邪褉懈薪邪,216434,f
袗薪薪邪,211737,f
袙褟褔械褋谢邪胁,209695,m
挟谢懈褟,201450,f
袙邪谢械薪褌懈薪邪,200386,f
袛械薪懈褋,197203,m
袪芯屑邪薪,195914,m
袝泻邪褌械褉懈薪邪,193834,f
袣芯薪褋褌邪薪褌懈薪,192223,m
袧邪写械卸写邪,189062,f
袙懈褌邪谢懈泄,188598,m
袙邪褋懈谢懈泄,171185,m
袦邪褉懈褟,155478,f
袥褞斜芯胁褜,145389,f
袚械薪薪邪写懈泄,138589,m
袗薪褌芯薪,138538,m
袙邪写懈屑,136783,m
袧懈薪邪,130743,f
袨泻褋邪薪邪,124653,f
袥邪褉懈褋邪,121620,f
袠谢褜褟,110504,m
袗薪邪褋褌邪褋懈褟,109501,f
袘芯褉懈褋,107619,m
袪褍褋谢邪薪,95881,m
小褌邪薪懈褋谢邪胁,92739,m
袙谢邪写懈褋谢邪胁,92184,m
袙械褉邪,92118,f
袩械褌褉,89184,m
袥械芯薪懈写,87690,m
袗褉褌械屑,84900,m
袧邪褌邪谢懈褟,80838,f
袝胁谐械薪懈褟,77496,f
协写褍邪褉写,74326,m
孝邪屑邪褉邪,73684,f
袙懈泻褌芯褉懈褟,72114,f
袣懈褉懈谢谢,70460,m
袗谢械泻褋邪薪写褉邪,66600,f
袥懈写懈褟,65275,f
袚褉懈谐芯褉懈泄,55669,m
袚械芯褉谐懈泄,53590,m
袗褉褌褍褉,52240,m
袙邪谢械薪褌懈薪,51986,m
袗谢谢邪,49010,f
袧懈泻懈褌邪,45212,m
袠薪薪邪,43806,f
袪邪懈褋邪,37870,f
袥懈谢懈褟,37186,f
袦邪褉谐邪褉懈褌邪,36726,f
袣褋械薪懈褟,36167,f
袦邪褉邪褌,35926,m
袨谢械褋褟,35872,f
袛邪褉褜褟,34987,f
袗谢褜斜械褉褌,32402,m
袗薪褌芯薪懈薪邪,31600,f
肖械写芯褉,31156,m
袟懈薪邪懈写邪,29654,f
携薪邪,27650,f
孝懈屑褍褉,27278,m
袣褉懈褋褌懈薪邪,27263,f
袝谐芯褉,26130,m
袞邪薪薪邪,25933,f
袟芯褟,25916,f
袗褉泻邪写懈泄,25078,m
,24264,m
袪褍褋褌邪屑,24135,m
袗谢械薪邪,23479,f
袪懈薪邪褌,23374,m
袗褉褌褢屑,20277,m
袗谢褜斜懈薪邪,19983,f
袗谢懈薪邪,19700,f
协谢褜胁懈褉邪,19646,f
袥械胁,19446,m
袦邪谐芯屑械写,19191,m
袝谢懈蟹邪胁械褌邪,19168,f
袙邪谢械褉懈褟,19121,f
袠谢褜写邪褉,18705,m
小褌械锌邪薪,17739,m
袙械褉芯薪懈泻邪,17322,f
携褉芯褋谢邪胁,17086,m
袪邪屑懈谢褜,16607,m
袛邪薪懈懈谢,16238,m
小械屑械薪,16159,m
袗.,14920,m
袩芯谢懈薪邪,14266,f
袗谢械胁褌懈薪邪,14142,f
袛懈邪薪邪,13754,f
袪懈屑屑邪,13178,f
楔邪屑懈谢褜,13051,m
袚械褉屑邪薪,12927,m
袗薪卸械谢懈泻邪,12715,f
携泻芯胁,12384,m
袪芯斜械褉褌,12356,m
袗谢褢薪邪,12034,f
袪邪写懈泻,11626,m
袛邪薪懈谢,11380,m
袛邪屑懈褉,11350,m
袪褍褋褌械屑,11249,m
袧邪懈谢褜,11238,m
袗泄褉邪褌,11205,m
孝懈屑芯褎械泄,11149,m
袗褉屑械薪,10974,m
袚谢械斜,10901,m
袪邪胁懈谢褜,10791,m
袛邪胁懈写,10738,m
袗褉褋械薪,10457,m
袪芯蟹邪,10248,f
袚褍谢褜薪邪褉邪,9897,f
袣谢邪胁写懈褟,9773,f
袗薪卸械谢邪,9504,f
袪械薪邪褌,9493,m
袦邪褉泻,9306,m
孝邪懈褋懈褟,8646,f
袪邪褕懈写,8503,m
小芯褎褜褟,8448,f
袗蟹邪褌,8321,m
袗谢褜褎懈褟,8250,f
袛懈薪邪,8154,f
袣邪褉懈薪邪,7969,f
袪邪褎邪褝谢褜,7882,m
协谢褜屑懈褉邪,7747,f
袧械谢谢懈,7532,f
袣邪褉械薪,7482,m
袗褋谢邪薪,7228,m
袗薪谐械谢懈薪邪,7189,f
袙械薪械褉邪,7036,f
袗谢懈,6994,m
携薪,6906,m
袗泄写邪褉,6860,m
袠薪谐邪,6635,f
袦褍褉邪褌,6499,m
袗褏屑械写,6320,m
袙械薪懈邪屑懈薪,6317,m
袝胁写芯泻懈褟,6258,f
协谢褜写邪褉,6220,m
袠褉邪懈写邪,6182,f
校谢褜褟薪邪,6179,f
小胁褟褌芯褋谢邪胁,6039,m
袦邪泄褟,5985,f
袪械谐懈薪邪,5898,f
袗褕芯褌,5763,m
袠谢褜褟褋,5643,m
肖懈谢懈锌锌,5607,m
小邪屑胁械谢,5535,m
袦邪褉懈邪薪薪邪,5527,f
肖邪褉懈褌,5376,m
袙邪褉胁邪褉邪,5341,f
袠斜褉邪谐懈屑,5311,m
袘褍谢邪褌,5301,m
肖械谢懈泻褋,5300,m
袦邪褉褋械谢褜,5282,m
袙褋械胁芯谢芯写,5267,m
袚褍蟹械谢褜,5265,f
袦邪写懈薪邪,5219,f
袣邪屑懈谢褜,5177,m
袗蟹邪屑邪褌,5167,m
孝邪褉邪褋,5139,m
袧邪懈谢褟,5063,f
袪邪褎懈泻,5057,m
袟褍谢褜褎懈褟,5018,f
袘芯谐写邪薪,4979,m
袠谢褜薪褍褉,4946,m
协谢懈薪邪,4936,f
袠薪械褋褋邪,4921,f
袠谢褜褕邪褌,4920,m
袛邪薪懈谢邪,4879,m
袪邪屑邪蟹邪薪,4783,m
袪邪懈褋,4654,m
袦褍褉邪写,4613,m
袟邪褍褉,4606,m
肖邪褌懈屑邪,4597,f
袗谢屑邪蟹,4556,m
袪芯写懈芯薪,4555,m
袗谢懈褋邪,4515,f
袪邪褕懈褌,4498,m
小邪谢邪胁邪褌,4399,m
袧.,4393,m
袗泄谐褍谢褜,4364,f
肖邪褉懈写,4336,m
协屑懈谢褜,4325,m
袥懈邪薪邪,4302,f
肖邪懈薪邪,4287,f
袠谢褜谐懈蟹,4281,m
袠褉械泻,4235,m
孝懈谐褉邪薪,4217,m
孝邪谐懈褉,4088,m
袦邪褌胁械泄,4051,m
袩褢褌褉,4048,m
袪芯褋褌懈褋谢邪胁,4045,m
协谢谢邪,4008,f
协谢械芯薪芯褉邪,3996,f
袪懈褕邪褌,3937,m
小芯褎懈褟,3935,f
袗褉褋械薪懈泄,3909,m
袠褋谢邪屑,3892,m
袗褉懈薪邪,3875,f
袗谢邪薪,3832,m
袗屑懈褉,3772,m
袥褍懈蟹邪,3754,f
袠谢褜写褍褋,3752,m
袗薪胁邪褉,3744,m
袗谢懈褟,3738,f
袗写邪屑,3705,m
袪懈褌邪,3699,f
袗谢褋褍,3627,f
袗谢懈泻,3579,m
啸邪褋邪薪,3556,m
袛懈薪邪褉邪,3541,f
袗褉邪屑,3515,m
袙懈芯谢械褌褌邪,3458,f
协屑屑邪,3450,f
小薪械卸邪薪邪,3412,f
袦邪薪褋褍褉,3406,m
袠芯褋懈褎,3368,m
肖邪褉懈写邪,3341,f
袪褍斜械薪,3332,m
袦褍褋邪,3330,m
袩邪褌懈屑邪褌,3328,f
袪邪褋褍谢,3328,m
袚邪谢懈褟,3323,f
肖邪薪懈褋,3274,m
袣邪蟹斜械泻,3242,m
袥械胁芯薪,3196,m
袚邪谐懈泻,3195,m
袥械薪邪褉,3192,m
袗褉屑邪薪,3149,m
袝褎懈屑,3100,m
袛懈薪邪褉,3036,m
小褍褉械薪,3020,m
袪褍写芯谢褜褎,3003,m
袪邪懈谢褜,2994,m
袠谢芯薪邪,2991,f
孝邪褏懈褉,2973,m
袠褋屑邪懈谢,2971,m
袪邪褋懈屑,2966,m
袪邪褎邪懈谢,2950,m
袗薪蟹芯褉,2948,m
袦邪褉褋,2941,m
袗谢械褋褟,2908,f
袥械泄谢邪,2870,f
袣懈褉邪,2865,f
袪邪褎懈褋,2825,m
挟.,2786,m
小褍谢褌邪薪,2784,m
袗懈写邪,2760,f
肖褢写芯褉,2755,m
协写谐邪褉,2724,m
袟褍褉邪斜,2719,m
袥.,2717,f
协褉懈泻,2707,m
袚褍谢褜薪邪蟹,2696,f
袠薪薪芯泻械薪褌懈泄,2692,m
袟邪褏邪褉,2692,m
携薪懈薪邪,2689,f
袚械胁芯褉谐,2659,m
袟邪褉械屑邪,2625,f
小械屑褢薪,2556,m
袣谢邪褉邪,2551,f
袥邪写邪,2546,f
协谢褜蟹邪,2540,f
袗薪写褉邪薪懈泻,2529,m
袩械谢邪谐械褟,2407,f
袙邪褉写邪薪,2404,m
袗谢懈屑,2376,m
协褉薪械褋褌,2375,m
袠褋邪,2339,m
袟邪谢懈薪邪,2338,f
袗褉褌械屑懈泄,2332,m
袗褉褍褌褞薪,2283,m
袙谢邪写谢械薪,2264,m
袦褍褏邪屑械写,2260,m
袪邪褍褎,2250,m
袟褍褏褉邪,2240,f
袥懈褟,2237,f
袗屑懈薪邪褌,2211,f
袧褍褉懈褟,2210,f
袪褍褕邪薪,2179,m
袘邪懈褉,2172,m
袪懈屑,2148,m
挟褋褍锌,2143,m
校屑邪褉,2100,m
袛懈谢褟褉邪,2096,f
袟褍褎邪褉,2092,m
袠谢褜薪邪褉,2084,m
袪芯蟹邪谢懈褟,2080,f
袪邪屑懈褋,2074,m
袥械薪邪,2066,f
袧械谢褟,2063,f
袗褋懈褟,2033,f
袪邪褎邪懈谢褜,2032,m
袥褞褑懈褟,2027,f
袗褉褌邪泻,2025,m
小褍褋邪薪薪邪,2024,f
小锌邪褉褌邪泻,2019,m
袚邪褉懈泻,1986,m
袗谢械褎褌懈薪邪,1980,f
孝.,1975,f
袥懈薪邪,1971,f
袪懈褎邪褌,1945,m
肖邪薪懈谢褜,1943,m
袦褍褋谢懈屑,1942,m
协屑懈谢懈褟,1936,f
袗谢褜褎褉械写,1910,m
袪械蟹械写邪,1904,f
袗褋褟,1898,f
小邪薪懈褟,1881,f
袗谢懈褕械褉,1878,m
小械褉邪褎懈屑邪,1878,f
袗褎邪薪邪褋懈泄,1878,m
孝邪谢谐邪褌,1876,m
袧邪褉懈屑邪薪,1867,m
袟邪褉懈薪邪,1853,f
袨谐邪薪械褋,1841,m
袥械泄褋邪薪,1832,f
袗泄薪褍褉,1827,m
肖谢褞褉邪,1804,f
袦邪褉褜褟屑,1802,f
袧邪蟹懈屑,1783,m
袧芯薪薪邪,1778,f
袪邪屑懈谢褟,1778,f
袧懈褟蟹,1769,m
小邪懈写,1732,m
挟谢懈邪薪邪,1721,f
袗薪褌芯薪懈写邪,1721,f
袚邪写卸懈,1718,m
袗褉褋谢邪薪,1712,m
袗褏屑械褌,1702,m
袗薪邪懈褌,1687,f
袗褋懈褟褌,1686,m
袚邪褋邪薪,1680,m
袠谢写邪褉,1659,m
小褍谢械泄屑邪薪,1658,m
袩褉邪褋泻芯胁褜褟,1642,f
袪邪屑蟹懈褟,1639,f
袗薪邪褉,1636,m
小邪锌邪褉斜械泻,1633,m
小芯褋谢邪薪,1626,m
袗写械谢褜,1611,m
小邪褉泻懈褋,1610,m
袣邪褉懈薪褝,1602,f
小邪斜懈薪邪,1598,f
袨屑邪褉,1595,m
袗褋泻邪褉,1593,m
袪邪屑懈蟹,1585,m
袘械褋谢邪薪,1583,m
袠谢褜褎邪褌,1572,m
袧械谢谢褟,1565,f
袗泻芯锌,1564,m
袪懈褎,1558,m
袪懈屑邪,1553,f
袗褋谢邪薪斜械泻,1533,m
袣邪褉懈薪械,1532,f
袗褋褏邪褌,1526,m
协胁械谢懈薪邪,1517,f
袠褋泻邪薪写械褉,1516,m
袦邪褏屑褍写,1510,m
袗斜写褍谢谢邪,1506,m
袦懈谢邪薪邪,1500,f
袚邪屑谢械褌,1497,m
肖邪薪懈褟,1495,f
袦邪谐芯屑械褌,1470,m
袠写褉懈褋,1465,m
袣褍褉斜邪薪,1460,m
袟懈谢褟,1458,f
袙邪褋懈谢懈褋邪,1449,f
袟械屑褎懈褉邪,1437,f
袚邪褟薪械,1434,f
袗泄褕邪褌,1434,f
袚褍褉谐械薪,1433,m
袙邪褏褌邪薪谐,1429,m
袗谢懈褏邪薪,1429,m
袚褞蟹械谢褜,1428,f
袟邪褍褉斜械泻,1424,m
袨褋屑邪薪,1423,m
袚褍蟹邪谢懈褟,1420,f
袛卸邪屑懈谢褟,1418,f
袦褍褋褌邪褎邪,1413,m
袦邪谐芯屑械写褉邪褋褍谢,1408,m
小褌械谢谢邪,1407,f
袠谢褜屑懈褉,1406,m
协薪胁械褉,1403,m
小邪屑懈褉,1403,m
袗褉邪懈泻,1403,m
袚械薪褉懈褏,1400,m
孝邪屑械褉谢邪薪,1395,m
袚褍谢褜褕邪褌,1388,f
袪褍褋褌褝屑,1388,m
袪懈蟹胁邪薪,1379,m
袗谢褜屑懈褉邪,1378,f
袚邪泄泻,1374,m
袠谢褜屑懈褉邪,1370,f
袛邪薪懈褋,1367,m
袥懈薪邪褉,1366,m
袦邪褉褜褟薪邪,1355,f
孝邪泄屑褍褉邪蟹,1355,m
袗褉邪褉邪褌,1352,m
袚邪胁褉懈谢,1348,m
袗褋泻械褉,1347,m
袠薪写懈褉邪,1342,f
袗褉邪,1341,f
袚褉懈谐芯褉,1340,m
袥械胁邪薪,1336,m
袚械薪邪写懈泄,1334,m
袙邪谐懈褎,1332,m
袦邪谢懈泻,1331,m
小邪懈写邪,1326,f
袙邪谐邪薪,1325,m
袪邪屑蟹邪薪,1323,m
小邪斜懈褉,1303,m
孝邪懈褋邪,1302,f
袣邪屑芯,1294,m
袦褍褏褌邪褉,1285,m
孝邪薪蟹懈谢褟,1285,f
挟谢懈泄,1285,m
袥邪褍褉邪,1284,f
袠谢褜褋褍褉,1280,m
啸邪写懈卸邪褌,1280,u
袪邪屑懈谢,1275,m
袚褍褋械泄薪,1271,m
袛邪薪懈褟,1271,f
袦懈褉芯褋谢邪胁,1268,m
袙谢邪写邪,1260,f
孝械泄屑褍褉邪蟹,1249,m
袚褍谢褜褎懈褟,1248,f
协谢褜褔懈薪,1244,m
小械泄褉邪薪,1240,m
袪芯胁褕邪薪,1229,m
袗褉懈褎,1227,m
袪械薪邪褌邪,1221,f
袘邪褏褌懈褟褉,1218,m
袧邪写懈褉,1197,m
袣邪屑懈谢,1194,m
袙褍谐邪褉,1191,m
袟邪泻懈褉,1183,m
袪褍蟹邪薪薪邪,1179,f
袠谢褜谐邪屑,1171,m
协写胁邪褉写,1171,m
袗薪褎懈褋邪,1170,f
袛懈屑懈褌褉懈泄,1163,m
袟邪懈褉邪,1160,f
袗蟹懈蟹,1159,m
挟薪褍褋,1159,m
肖邪懈谢褜,1150,m
袗褉薪芯谢褜写,1147,m
协屑懈薪,1139,m
袗蟹械褉,1137,m
协谢褜斜褉褍褋,1133,m
袧邪懈褉邪,1123,f
袝胁邪,1122,f
袟邪屑懈褉,1119,m
肖邪褉褏邪写,1114,m
袪褍褎懈薪邪,1113,f
袙邪褉褌邪薪,1112,m
袗斜写褍谢邪,1111,m
袦懈谢械薪邪,1110,f
袚邪写卸懈屑褍褉邪写,1105,m
啸邪屑懈褌,1102,m
袦邪谢懈泻邪,1100,f
袦懈谢褟褍褕邪,1096,f
袦邪褉褌懈薪,1094,m
孝械薪谐懈蟹,1091,m
袗泄写褘薪,1087,m
袠谐薪邪褌,1085,m
啸邪褔邪褌褍褉,1084,m
啸邪屑蟹邪褌,1067,m
楔褍褏褉邪褌,1062,m
袙邪褏邪,1057,m
袠谢褜谐邪褉,1055,m
袗泄泻,1055,m
袦邪泻邪褉,1047,m
袙械薪械褉,1046,m
袥械芯薪褌懈泄,1046,m
袦邪褉褌邪,1046,f
袗屑懈薪邪,1045,f
袗斜写褍褉邪褏屑邪薪,1041,m
袣懈屑,1037,m
袧褝谢谢懈,1036,f
袗薪懈褋邪,1034,f
校褉邪谢,1031,m
袧懈薪械谢褜,1029,m
袪邪写屑懈褉,1028,m
袠褉邪泻谢懈泄,1023,m
袥褍褋懈薪械,1018,f
协写懈泻,1016,m
啸褍褋械泄薪,1016,m
袪褍屑懈褟,1015,f
小邪谢屑邪薪,1015,m
袧邪懈谢,1015,m
袧邪蟹懈褉,1015,m
袠谢褜褏邪屑,1011,m
袗泻褋邪薪邪,1003,f
袚褍谢褜褋懈薪邪,996,f
袥褟泄褋邪薪,992,f
袚邪褉械谐懈薪,992,m
袟械谢懈屑褏邪薪,986,m
袠蟹邪斜械谢谢邪,982,f
袘械谢谢邪,981,f
啸邪谢懈谢,981,m
肖谢褞褉,979,m
楔邪胁泻邪褌,976,m
袙谢邪写懈褋谢邪胁邪,973,f
袚褉邪薪褌,971,m
袘邪褌芯褉,970,m
孝械屑褍褉,965,m
袧褝谢褟,964,f
袪懈褎泻邪褌,961,m
袧懈蟹邪屑懈,959,m
袧芯褉邪泄褉,959,m
袣邪褉懈屑,958,m
孝械泄屑褍褉,956,m
袧邪褉懈薪械,954,f
袦邪褌褉械薪邪,947,f
袙邪谢械褉懈邪薪,946,m
袙邪褋懈谢褜,944,m
袘邪褕懈褉,943,m
袟谢邪褌邪,939,f
袚邪褉褉懈,934,m
袗褋屑懈泻,933,f
袪邪褕懈写邪,931,f
袧褍褉谢邪薪,928,m
袙邪褋懈谢懈薪邪,925,f
携泻褍斜,920,m
袚械胁芯褉泻,918,m
小邪褉谐懈褋,915,m
袚褍谢褜薪褍褉,915,f
袧邪蟹邪褉,914,m
袠谢褜薪邪蟹,912,m
袦谐械褉,911,m
袪褍蟹邪谢懈褟,910,f
携褉芯褋谢邪胁邪,907,f
袪邪蟹屑懈泻,904,m
袪邪写懈泄,904,m
袠谢褜谐懈蟹邪褉,903,m
袪邪褋懈屑邪,903,f
啸邪胁邪,901,f
孝械谢褜屑邪薪,900,m
袗谢褜褎懈褉邪,899,f
袦邪褉懈薪械,896,f
袥懈谢懈邪薪邪,892,f
袛邪褉懈屑邪,891,f
袦褍薪懈褉,887,m
校褋屑邪薪,886,m
效懈薪谐懈蟹,885,m
袪褍褋谢邪薪邪,883,f
携薪懈褋,881,m
袙懈褌邪,878,f
袚邪褉薪懈泻,878,m
协谢褜褕邪薪,877,m
袗褉褌邪褕械褋,876,m
啸邪褉懈褋,876,m
协谢褜屑邪薪,876,m
袠褟,875,f
袗谢械泻褋邪薪写p,875,m
袠褉屑邪,870,f
袙懈谢褜,869,m
袙谢邪写懈谢械薪,866,m
袚邪褟薪褝,864,f
袚芯褉,861,m
楔邪屑懈谢,857,m
肖褍邪写,855,m
小邪屑邪褌,854,m
袘邪褏褌懈褢褉,852,m
袗胁褌邪薪写懈谢,848,m
袛邪褉懈薪邪,847,f
楔邪褏懈薪,847,m
袘褉芯薪懈褋谢邪胁,845,m
协谢褜胁懈薪邪,844,f
袪邪褍褕邪薪懈褟,833,f
小械褉邪褎懈屑,831,m
袗褉屑懈薪械,830,f
袙邪蟹谐械薪,828,m
袦懈褉邪,828,f
袪邪屑懈薪,826,m
啸邪谢懈褌,826,m
啸邪谢懈写邪,822,f
孝邪屑邪蟹,822,m
袪邪胁懈谢褟,821,f
孝邪懈褋褜褟,817,f
小邪谢懈屑,815,m
袗薪写褉懈邪薪,814,m
袠褉懈泻,814,m
袦邪薪胁械谢,808,m
袗褏屑邪褌,808,m
袗褉褕邪泻,807,m
袗蟹邪,807,f
袚懈胁懈,806,m
挟褋褍褎,804,m
袙邪谐械,802,m
袧邪写懈褟,802,f
袥懈谢懈褌,798,m
袗薪褍褕,798,m
协谢褜褏邪薪,797,m
袥懈褉邪,797,f
袪邪褍蟹邪,794,f
袪邪懈褎,790,m
袙谢邪写谢械薪邪,789,f
袛卸邪斜褉邪懈谢,788,m
袗谢懈斜械泻,785,m
袚褞谢褜薪邪褉邪,784,f
袙谢邪写懈屑懈p,784,m
袗谢懈泄,782,m
袣邪褉邪锌械褌,775,m
袗薪邪褋,775,m
肖邪褌懈屑邪褌,774,f
袛邪褉懈褟,774,f
袗泻懈褎,773,m
袠褉褕邪褌,773,m
袛卸邪屑邪谢,772,m
袧邪褉械泻,772,m
啸邪泄写邪褉,772,m
袙邪褏懈写,772,m
袦邪褟,772,f
协谢褜屑懈褉,768,m
袚芯邪褉,766,f
小邪薪邪谢,762,m
袣邪屑懈谢谢邪,761,f
小械p谐械泄,761,m
袥懈谢褟,760,f
袟邪屑懈褉邪,760,f
袦邪屑械写,758,m
协谢谢懈薪邪,756,f
协谢褜薪褍褉,750,m
袠写邪,748,f
袛邪薪懈褟褉,746,m
袚邪屑蟹邪褌,746,m
袨谐邪薪薪械褋,741,m
袦懈泻邪懈谢,741,m
袦械褉谐械薪,741,m
袚械谐邪屑,740,m
袨胁懈泻,739,m
袥褟谢褟,739,f
袦械褏屑邪薪,737,m
小褞蟹邪薪薪邪,736,f
袪械蟹懈写邪,733,f
袗薪卸械谢谢邪,733,f
袛械屑褜褟薪,731,m
小邪谢懈褏,730,m
袞邪褉谐邪谢,730,m
袗褏屑邪写,729,m
袙芯谢芯写褟,722,m
啸邪褔懈泻,721,m
袣邪褌械褉懈薪邪,721,f
袘邪褌褘褉,720,m
袣邪锌懈褌芯谢懈薪邪,720,f
小械褉懈泻,720,m
小邪胁械谢懈泄,719,m
袪邪写懈芯薪,719,m
袗褋谢邪屑斜械泻,719,m
袗褉屑械薪邪泻,717,m
孝芯褎懈泻,714,m
小邪褉谐褘谢邪薪邪,714,f
袚芯褔邪,713,m
袠屑褉邪薪,709,m
袙邪谐褉邪屑,708,m
袗屑懈褉邪薪,707,m
袪褍褎邪褌,706,m
袚褍褉邪屑,706,m
啸邪屑懈写,706,m
孝邪屑懈谢邪,701,f
袪褍褕邪薪懈褟,697,f
袣邪褉芯谢懈薪邪,696,f
袪邪胁褕邪薪,696,m
袧邪泄谢褟,695,f
效懈薪谐懈褋,695,m
袦邪褉懈邪屑,692,f
袘褝谢谢邪,692,f
孝懈褏芯薪,692,m
袩褉芯泻芯锌懈泄,690,m
袗泄薪邪,689,f
袪邪褎泻邪褌,689,m
袣邪屑懈谢邪,686,f
袙懈写邪写懈,685,m
袦邪褉褎邪,684,f
袛懈谢褕芯写,682,m
袧邪褌懈谐,681,m
挟褉懈泻,678,m
袙邪谢械褉褜褟薪,677,m
肖懈褉褍蟹邪,677,f
袠谢褕邪褌,676,m
袗胁谐褍褋褌邪,674,f
袗斜褍斜邪泻邪褉,673,m
袣邪锌懈褌邪谢懈薪邪,673,f
袟邪泄褌褍薪邪,671,f
袟褍谢褜褎懈褉邪,671,f
小懈屑芯薪,670,m
袗褏邪褌,670,m
挟谢懈邪薪,667,m
袠褋泻邪薪写邪褉,667,m
袗写械谢褟,664,f
袚械褉邪褋懈屑,663,m
袪邪褕邪写,661,m
袗泄褋褘谢褍,660,f
袧邪懈写邪,658,f
啸褉懈褋褌懈薪邪,654,f
袦褍褋褋邪,654,m
袙邪褔邪谐邪薪,653,m
袚邪蟹懈薪褍褉,652,m
袙邪邪谐薪,652,m
袦懈褉芯薪,651,m
楔邪泻懈褉,650,m
肖邪泄褉褍蟹邪,649,f
协褉薪褋褌,648,m
校谢褍谐斜械泻,645,m
袪褍褋褌褟屑,644,m
袞邪薪,642,m
袪邪懈谢褟,642,f
袘邪写褉懈,642,m
小谢邪胁懈泻,640,m
袧邪薪邪,638,f
袟邪蟹邪,638,m
袗写芯谢褜褎,638,m
袪邪蟹懈褟,633,f
袠谢谐邪褉,632,m
袧邪蟹懈褉邪,629,f
挟褋懈褎,627,m
袥芯谢懈褌邪,627,f
袠谢写褍褋,626,m
携褕邪褉,626,m
袠褉邪,623,f
袦泻褉褌懈褔,622,m
孝褍褟薪邪,618,f
袙懈褌邪谢懈褟,616,f
袣邪褉谢械薪,616,m
袥懈蟹邪,616,f
袦褍斜邪褉懈蟹,615,m
袪邪写屑懈谢邪,614,f
袦邪褏懈褉,614,m
袗褉邪屑邪懈褋,614,m
孝邪屑邪蟹懈,613,m
袗褋懈褎,613,m
效褍谢锌邪薪,609,m
啸邪谢懈写,609,m
袠谢褏邪屑,606,m
袙邪褉褍卸邪薪,606,m
袦邪屑褍泻邪,605,m
袥芯谢邪,604,f
袟懈薪薪褍褉,604,m
袦械褉邪斜,603,m
袛卸褍谢褜械褌褌邪,602,f
袙懈谢褜写邪薪,602,m
小邪褉写邪薪邪,602,f
袨褉褏邪薪,601,u
袧芯褉懈泻,600,m
啸褍褋械薪,600,m
袪邪写卸邪斜,599,m
协谢褜屑邪褉,597,m
袦邪谐邪屑械写,597,m
楔芯褌邪,596,m
袗泻懈屑,594,m
袦褏懈褌邪褉,594,m
袨泻褌褟斜褉懈薪邪,593,f
袗斜邪泻邪褉,593,m
袦褍褕械谐,592,m
袗谢褜胁懈薪邪,591,f
袣谢懈屑,590,m
袦邪褏邪褔,590,m
袗写懈谢褜,588,m
袦懈泻邪械谢,586,m
袣械褉懈屑,584,m
袧懈薪芯,584,f
袪械胁邪蟹,582,m
袩谢邪褌芯薪,581,m
袧邪褋懈屑邪,581,f
袚械谢邪,580,m
袪邪写邪,579,f
肖邪褉褏芯写,578,m
袚褍谢褜屑懈褉邪,578,f
袣邪屑邪谢,569,m
袛邪薪懈褝谢褜,568,m
袪邪褍谢褜,568,m
袗斜写褍谢,566,m
袪邪褎懈谢褜,566,m
袛卸邪屑斜褍谢邪褌,566,m
袦械褏屑械褌,565,m
袛卸邪胁懈写,561,m
协谢褜褕邪写,560,m
袥械褋褟,560,f
袣邪泄褉邪褌,560,m
袪邪褏懈屑,559,m
袪邪褎邪械谢,559,m
袪邪懈褋邪褌,558,f
小邪谐懈褌,557,m
袗写械谢懈薪邪,556,f
小械写邪,555,f
袩邪褉胁懈蟹,554,m
袣邪写褉懈褟,554,f
袟邪褉邪,554,f
袣邪褉褝薪,553,m
袗薪懈,552,f
袛懈谢邪褉邪,552,f
肖邪褉褉褍褏,552,m
袪邪胁懈谢,552,m
袘械泻褏邪薪,552,m
袪邪蟹懈谢褟,551,f
袪邪写懈褎,550,m
袘邪谐褉邪褌,547,m
袦邪谐芯屑械写谐邪写卸懈,547,m
袧邪褉谐懈蟹邪,546,f
袣褍蟹褜屑邪,545,m
袦邪褏屑褍褌,545,m
袛邪胁懈褌,543,m
袗蟹邪写,543,m
袧邪褎懈褋邪,543,f
袝褉胁邪薪写,542,m
袪邪褌屑懈褉,541,m
袪褍写懈泻,540,m
袧邪屑懈谐,540,m
袘褝谢邪,539,f
肖懈蟹褍谢懈,539,m
小褌械褎邪薪,538,m
协谢褜薪邪褉邪,536,f
袥械芯薪,536,m
小褌邪薪懈褋谢邪胁邪,533,f
袙邪褋懈谢褟,530,f
肖邪薪懈谢,528,m
袛卸械泄褏褍薪,527,m
袗褉蟹褍,526,f
小邪褉懈褟,525,f
袚褍屑邪褉,525,m
袗谢褜屑懈褉,525,m
袥懈写邪,524,f
协褉泻懈薪,524,m
袟懈薪芯胁懈泄,524,m
袚邪胁褉懈懈谢,524,m
啸邪斜懈斜,524,m
小薪械卸邪薪薪邪,522,f
袦邪谐芯屑械写邪谢懈,521,m
挟谢邪泄,521,m
袪邪写懈褋谢邪胁,521,m
袦懈褉芯褋谢邪胁邪,519,f
袦械褉邪斜懈,518,m
袥邪薪写褘褕,517,f
袠谢谢邪褉懈芯薪,516,m
袠芯薪,514,m
袚褍谢褜褔邪褔邪泻,514,f
袙褍褋邪谢,512,u
袚邪褟蟹,510,m
袗胁械褌懈泻,509,m
袟邪褎邪褉,509,m
袗屑懈薪,509,m
袗褋械褌,509,m
小邪褟薪,509,m
袧懈谢,508,m
袨褌邪褉懈,505,m
袣邪屑褉邪薪,505,m
袙懈褌邪谢懈薪邪,504,f
袩械褌褉芯褋,504,m
袥邪蟹邪褉褜,503,m
小邪褏懈斜,503,m
袪褍蟹懈谢褟,502,f
袗褉斜懈,502,m
袙邪谐懈蟹,499,m
袙懈谢械薪,497,m
肖邪懈谐,497,m
协谢懈蟹邪,496,f
袗薪写褉芯薪懈泻,496,m
袗褞斜,494,m
小械褉谐芯,493,m
袦械褉褍卸邪薪,493,m
袗褋邪薪,492,m
肖邪褉褏邪褌,492,m
袚褍谢懈褟,491,f
袗薪褋邪褉,489,m
袪邪褏屑邪薪,488,m
袟懈薪褍褉,488,m
袠蟹芯谢褜写邪,487,f
效械褉屑械薪,487,m
袗屑懈褉褏邪薪,487,m
孝芯屑邪褋,486,m
袦邪谢褏邪蟹,486,m
袥械芯薪邪褉写,486,m
袗泻褉邪屑,483,m
袪芯谢邪薪写,483,m
袛邪屑懈褉邪,483,f
楔邪谢胁邪,483,m
孝褍褉邪谢,481,m
袗谢械泻褋邪薪,481,m
袠褋邪邪泻,480,m
小械胁邪泻,479,m
袠褉械薪邪,479,f
袦褍薪懈褉邪,479,f
袨褋泻邪褉,478,m
小屑斜邪褌,477,m
袗褝谢懈褌邪,477,f
袧褍谐蟹邪褉,477,m
袙褉械卸,477,m
挟谢懈邪薪薪邪,477,f
啸邪屑蟹邪,477,m
袘邪褌褉邪蟹,476,m
袞芯褉邪,476,m
挟薪懈褉,475,m
袦褍褏邪写懈薪,475,m
袗薪写p械泄,475,m
袟邪泄薪邪斜,474,f
啸邪谢懈屑邪褌,473,f
袚邪褎褍褉,473,m
袟邪谢懈屑,472,m
袣邪褋懈屑,472,m
袛卸邪屑懈谢褜,472,m
袗薪胁械褉,470,m
袨泻褌邪泄,469,m
肖懈褉写邪褍褋,468,m
袧芯写邪褉,466,m
小械泄屑褍褉,465,m
袟邪谐懈褉,465,m
袠褕褏邪薪,464,m
小邪胁胁邪,464,m
袧褍褉屑邪谐芯屑械写,463,m
袚懈褟,463,m
肖懈写邪薪,462,m
袥邪胁褉械薪褌懈泄,461,m
袧胁械褉,461,m
袟邪胁械薪,459,m
袚邪谢懈,459,m
小褍褏褉芯斜,458,m
袘懈褋谢邪薪,458,m
袦邪薪邪薪邪,457,f
啸懈蟹懈褉,457,m
袧邪褌械谢谢邪,457,f
袦褍邪械写,456,m
袧邪褍屑,455,m
袟懈褎邪,455,f
啸邪褋邪薪斜懈,455,m
袙邪薪,454,m
啸邪谢懈屑,454,m
袦懈褉蟹邪,451,m
协谢褜胁懈薪,450,m
袟懈屑褎懈褉邪,450,f
袥邪薪邪,449,f
袠谢谐懈蟹,449,m
啸邪褎懈蟹,449,m
袦芯懈褋械泄,447,m
袙懈泻械薪褌懈泄,446,m
袟邪谢懈屑褏邪薪,445,m
袗斜褉邪屑,445,m
袙谢邪写懈屑褉,445,m
楔械褉蟹芯写,443,m
袗谢械泻褋,443,m
袧芯写邪褉懈,442,m
袪邪褎懈谐,442,m
袘邪邪褌褉,442,m
袗斜写褍褉邪褕懈写,441,m
袧邪褎懈褋,441,m
袝褎褉芯褋懈薪褜褟,441,f
袦懈写褏邪褌,440,m
袪邪褍褕邪薪,439,m
肖懈泻褉械褌,438,m
肖邪谐懈屑,438,m
袦褍写邪褉懈褋,438,m
袦邪褉谢械薪,437,m
袦邪褉懈邪薪邪,437,f
袚褍谢褜褎懈褉邪,437,f
袦邪懈褋,436,m
袗屑邪褟泻,436,m
袧邪蟹懈褟,435,f
袘邪谐邪褍写懈薪,435,m
小邪褟薪邪,434,f
袥械泄谢褟,434,f
啸褍褉褕械写,433,m
袧邪屑懈泻,433,m
袗写谢邪薪,433,m
袗褉邪蟹,429,m
袚褍谢褜薪邪褉,429,f
袗屑斜邪褉褑褍屑,429,m
小械褉胁械褉,428,m
啸邪泻懈屑,428,m
袪邪褋褍谢褜,428,m
袪邪褋懈褏,428,m
啸邪薪懈褎,424,m
袗薪邪懈写邪,424,f
袘邪褏芯写懈褉,424,m
袝谢懈褋械泄,423,m
袧械褉褋械褋,423,m
袧邪斜懈,423,m
袘邪泄褉邪屑,422,m
袙邪薪懈泻,422,m
袘邪写屑邪,422,m
肖褍邪褌,422,m
协褉懈泻邪,421,f
袪邪谢懈褎,420,m
袗写懈谢,417,m
袗泻屑邪谢,417,m
袛邪褍写,417,m
袦褍褏邪屑屑邪写,417,m
袗褉褌褍褕,416,m
袛邪胁褘写,416,m
袪邪谐懈屑,415,m
袗褉褋械薪褌懈泄,415,m
袙邪卸邪,414,m
袠褋褋邪,413,m
袚褉邪泄褉,412,m
袗谢褜褎懈褉,412,m
肖谢褞蟹邪,411,f
袪邪薪懈褋,411,m
袛械屑懈写,411,m
孝邪褉懈械谢,411,m
袦芯褏邪屑屑邪写,410,u
H懈泻芯谢邪泄,410,m
袙懈薪械褉,409,m
袥褞斜芯屑懈褉,409,m
袦邪泻泻邪,409,f
肖谢芯褉邪,408,f
袠薪褋邪褎,408,m
袩邪胁谢懈薪邪,408,f
袗谐邪褋懈,408,m
袗谢械薪,407,m
袩邪邪褌邪,407,m
袗泄褌邪谢懈薪邪,407,f
袗薪写褉懈褟薪,406,m
袪邪褟,406,f
孝械褉械蟹邪,406,f
啸褉懈褋褌芯褎芯褉,406,m
袘邪褌芯,406,m
小械褉械卸邪,405,m
袧懈泻邪,403,f
袝薪,403,m
袪邪蟹懈褎,402,m
小邪屑褋芯薪,401,m
袨胁邪薪械褋,401,m
袗写邪,401,f
楔邪褏斜邪薪,400,m
袟邪褉械褌邪,400,f
协谢褜胁懈褉,400,m
肖懈褉褍蟹,399,m
袗褉褌邪胁邪蟹写,399,m
袪邪泄褋邪,399,f
袥械胁邪,398,m
小邪褉邪,398,f
肖邪薪褍蟹邪,397,f
袠胁邪薪薪邪,396,f
孝褉芯褎懈屑,393,m
挟p懈泄,393,m
袧褍褉斜械泻,392,m
袙邪褋懈谢,392,m
袧褍褉懈褋谢邪屑,391,m
袚邪屑懈写,391,m
袛邪薪邪,391,f
袙邪谢械褉懈泻,390,m
肖邪褌懈褏,390,m
袗谢写邪褉,390,m
袗泄胁邪褉,389,m
袣邪蟹懈屑,389,m
袣邪褉芯,388,m
小芯薪褟,388,f
袗褉屑械薪褍懈,388,f
袗薪写卸械谢邪,388,f
袛邪薪懈褟谢,387,m
袙懈谐械薪,387,m
袗蟹褉械褌,386,m
袦懈褕邪,386,m
袣芯斜邪,386,m
袣邪褉谢,385,m
袘懈谢邪谢,385,m
小褌邪谢懈薪邪,384,f
袣谢懈屑械薪褌懈泄,383,m
袗褟蟹,383,m
协褌懈斜邪褉,382,m
袚邪斜懈谢,382,m
袚褍谢褜褋褍屑,382,f
袪懈写邪,382,f
袦芯胁褋邪褉,382,m
袦邪褉懈褟屑,381,f
小邪谢懈屑邪,381,f
啸懈蟹褉懈,378,m
袦褍褉邪写懈薪,378,m
袦械褉懈,376,f
袛懈谢褟,376,f
肖邪褍蟹懈褟,376,f
袟懈薪邪,375,f
袧芯薪邪,375,f
袙懈薪械褉邪,375,f
袗谢械褋邪薪写褉,375,m
袥械褔懈,374,m
孝械屑懈褉谢邪薪,373,m
袗泄写械褉,372,m
袗写懈谢褟,372,f
袛卸邪屑褕械写,371,m
袗泄褋谢褍,371,f
袗屑邪谢懈褟,370,f
袦褍蟹邪褎褎邪褉,369,m
袦褍褉褌邪蟹邪谢懈,369,m
袪褍蟹邪薪邪,369,f
袚械薪褉懈泻,369,m
袦邪屑懈泻芯薪,369,m
袙谢邪写懈泻,368,m
袠谢褜褋懈褟褉,367,f
袙褝泄,367,u
袪懈薪邪写,367,m
袚褉懈褕邪,366,m
袚褍蟹邪谢褜,365,f
肖懈写邪懈谢褜,364,m
袚邪褉懈泄,364,m
袚褉邪褔褜褟,363,m
袟褍谢褜褎邪褌,363,m
肖谢械褉邪,363,f
袩械褌懈屑邪褌,362,f
袦邪薪褍泻,361,m
袗胁械褌懈褋,360,m
袨胁褋械锌,360,m
袦邪写懈薪邪褌,359,f
袘邪褏褌懈械褉,359,m
肖谢邪褉懈褌,359,m
袗褉械胁懈泻,358,f
小邪泻懈薪邪褌,357,f
袪褍斜懈泻,357,m
楔邪屑褋褍写懈薪,357,m
袧褍薪械,356,f
袪械薪邪,356,f
孝邪懈褉,356,m
袗谐邪褎褜褟,356,f
小褍褋邪薪邪,354,f
袠褉邪写邪,354,f
袟邪褉懈褎,354,m
袠褋屑邪谐懈谢,354,m
袛卸械屑邪谢,353,m
袣邪褏邪斜械褉,353,m
协屑懈褉,353,m
袪懈蟹懈写邪,353,f
袦懈褋邪泻,352,m
小邪褍谢械,352,f
袙懈芯谢械褌邪,352,f
袪芯泻褋邪薪邪,351,f
袪褍蟹懈谢褜,351,m
袟邪谐懈褌,351,m
袗薪懈褋,351,m
袚褍屑械褉,351,m
袣褉懈褋褌懈薪械,350,f
袟邪褏懈写,350,m
袗泄泻邪蟹,350,m
袗泄薪褍褉邪,350,f
袚褍蟹褟谢褜,350,f
小褍褎懈褟,350,f
袪邪蟹懈薪邪,349,f
袠谐芯p褜,349,m
袠褋褏邪泻,348,m
袥褟泄谢褟,347,f
小邪邪泻,347,m
袞邪薪械褌褌邪,346,f
袙邪谐邪褉褕邪泻,346,m
袪邪写懈褋,345,m
肖械褉褍蟹邪,344,f
肖芯邪褌,344,m
小懈褉邪薪褍褕,344,f
袥邪谢邪,343,f
袘邪褏褉芯屑,343,m
袙邪褋懈褎,342,m
袚褍褋械薪,342,m
肖邪褉谐邪褌,342,m
袗泻褍谢懈薪邪,341,f
孝邪褌械胁懈泻,341,f
小芯薪邪,341,f
袚褉邪褔懈泻,341,m
袛邪谢械褉,340,m
小芯褋,340,m
肖邪薪褍褉,340,m
袚褍褉邪屑懈,339,m
袗褏褋邪褉斜械泻,339,m
袗薪邪褋褌邪褋,339,m
袚械谢械薪邪,339,f
袙邪褏懈褌,339,m
袘邪褏褉邪屑,338,m
袪邪泄谢褟,338,f
袗锌褌懈,338,m
携褏褜褟,338,m
袙邪谢懈写,338,m
袥邪谢懈,336,f
袛芯褉卸懈,336,m
袟懈薪褎懈褉邪,334,f
袝褉屑械泻,334,m
肖邪褉懈蟹,334,m
袥褞褋褟,333,f
小邪褋褍薪,332,m
肖褍褉泻邪褌,332,m
袗泄斜械泻,332,m
小芯谢褌邪薪,331,m
袗薪懈褌邪,331,f
袚褍蟹械谢懈褟,331,f
协写械屑,330,m
袥褟薪邪,330,f
袠谐薪邪褌懈泄,330,m
袧褍褉褍谢谢邪,330,m
袛懈谢褟胁械褉,329,m
孝械屑褍褉懈,329,m
袦械谢懈泻,329,m
袗谢褜褎褉懈褌,329,m
袚邪谢懈屑,329,m
袠谢褏芯屑,328,m
袧褝谢谢褟,328,f
袗褋褏邪斜,328,m
袗谢屑邪褋,328,m
携泻芯斜,327,m
小邪薪懈褟褌,326,f
袪懈薪邪,326,f
楔邪褍泻邪褌,326,m
啸邪屑蟹褟,326,m
袥芯褉邪,325,f
小邪屑褍懈谢,325,m
袟芯褉懈泻褌芯,325,m
袨褔懈褉,324,m
袙懈泻褌芯p,324,m
挟褉懈褋,323,m
袠褉褝薪邪,323,f
协褉写薪懈,323,m
袙懈谢械薪邪,323,f
袧邪卸屑褍写懈薪,323,m
肖邪懈谢,323,m
袙邪褉邪蟹写邪褌,322,m
袠薪邪谢,322,m
楔邪谐械薪,321,m
协谢谢邪写邪,320,f
袚邪蟹懈屑邪谐芯屑械写,320,m
孝邪褉谢邪薪,320,m
携褉芯褋谢邪胁薪邪,318,f
袙邪谢械褏,318,m
袪褍泻懈褟褌,317,f
袨褌邪斜械泻,317,m
袠谢褜胁懈褉邪,317,f
袗褋械谢褜,316,f
协褌械褉懈,316,f
肖谢芯褉懈写,316,m
袗褎谐邪薪,316,m
袗薪卸械谢懈薪邪,316,f
袣械屑邪谢,315,m
袦邪褉械褌,315,f
啸邪谢懈谢褜,315,m
协褉写褝屑,314,m
肖邪懈蟹,314,m
袛邪薪懈谢褜,313,m
袦懈谢邪薪,313,m
袨褉谢邪薪,313,m
袥械薪褍褉,311,m
袚谢邪褎懈褉邪,311,f
袪邪褎懈褌,311,m
袠谢褜褋懈褟,310,f
小邪斜懈褌,310,m
袛卸邪胁邪薪褕懈褉,309,m
袪邪蟹懈褟褌,309,f
袨褌邪褉,309,m
袠谢褜胁懈褉,309,m
袨谢懈屑锌懈邪写邪,309,f
袙邪谢褜褌械褉,309,m
袧邪褌褝谢谢邪,308,f
袗谐薪懈褟,308,f
袙懈褋褋邪褉懈芯薪,308,m
袦褍蟹邪,307,f
袪邪泄褏邪薪邪,307,f
袟邪泄薪邪锌,306,f
袨屑邪褉懈,305,m
袟邪斜懈褉,305,m
袪邪胁蟹邪,304,f
袠胁械褌褌邪,303,f
袦褍褏邪褉斜械泻,303,m
小邪薪邪薪,302,m
袥褞写胁懈谐,302,m
协褉薪邪,302,f
袧褍褉谐邪谢懈,302,m
袗褏褌褟屑,301,m
袘芯褉懈褋谢邪胁,301,m
袧械芯薪懈谢邪,301,f
袗泄褋邪,300,m
袪邪懈谢,300,m
肖邪蟹懈谢,300,m
袙邪谐懈薪邪泻,300,m
肖褉懈写邪,300,f
袦懈谢邪,299,f
小褝褋褝谐屑邪,299,f
小械胁懈谢褜,298,f
小芯谢芯屑芯薪,297,m
肖邪褟蟹,297,m
袚褍褋屑邪薪,297,m
协褉卸械薪邪,297,f
袧邪褌械谢邪,296,f
袣谢懈屑械薪褌,296,m
袗屑邪薪谐械谢褜写褘,296,u
肖邪褏褉邪写写懈薪,295,m
袗褞薪邪,295,f
协谢褜蟹邪褉邪,294,f
袧邪卸懈褟,294,f
袦械褋褉芯锌,294,m
袦薪邪褑邪泻邪薪,294,m
袨褞薪邪,293,f
小邪屑懈褉邪,292,f
袘邪褉懈褟褌,292,f
孝懈薪邪,292,f
袗写薪邪薪,292,m
袗褞褉,292,m
袪懈褌褌邪,291,f
袛懈屑,291,m
袗褉褕邪谢褍泄褋,291,m
袦芯褏邪屑械写,290,m
袧邪褉懈薪褝,290,f
袦邪褉懈褌邪,290,f
袛卸芯薪,290,m
啸邪写卸懈屑褍褉邪褌,290,m
袧褍褉邪谢懈,289,m
袧邪谢褜斜懈泄,289,m
袗谢褜褎懈薪邪,288,f
袥邪泄谢邪,288,f
袞懈褉邪泄褉,286,m
孝邪谢械褏,286,m
肖褟褉懈褌,286,m
袗谢械泻褋邪薪写,286,m
袗泻芯斜,285,m
袗泄蟹邪褌,285,m
楔褍褕邪薪懈泻,285,f
肖懈褉写邪胁懈褋,285,m
袟邪谢懈褟,285,f
袗蟹懈屑,284,m
袛卸邪褎邪褉,284,m
袗谢褜褎懈薪褍褉,284,f
袦邪褉褌懈褉芯褋,283,m
袗斜写褍谢谐邪屑懈写,283,m
袞邪薪薪械褌邪,283,f
袗薪褌芯薪懈芯,283,m
袦邪谐芯屑械写褏邪斜懈斜,282,m
楔械褉邪谢懈,282,m
袗褉芯薪,282,m
袧邪蟹懈褎,282,m
啸褍褋邪懈薪,282,m
楔邪褉懈褎,282,m
肖谢芯褉懈写邪,281,f
袗褉褔懈谢,281,m
袪芯屑懈泻,280,m
袪邪斜邪写邪薪,280,m
肖懈褉邪褟,280,f
袙邪泻懈谢褜,280,m
啸械褌邪谐,280,m
袦褍褋谢懈屑邪褌,279,f
挟褉邪,279,m
袗蟹懈蟹斜械泻,279,m
袗谢懈邪褋褏邪斜,277,m
袗胁谐褍褋褌懈薪邪,276,f
小邪褎邪褉,276,m
袧褍褉斜懈泄,276,m
袝褉谢邪薪,276,m
袧邪褉谐懈蟹,275,m
袠褋褉邪懈谢,275,m
肖懈谢褞褋,274,m
袛懈薪懈褋,274,m
小械胁写邪,274,f
袦邪谢褜胁懈薪邪,274,f
小邪谢械褏,274,m
袙谢邪褋,274,m
小褌械锌邪薪懈写邪,273,f
袠谢褜褎懈褉,273,m
袘邪褍褉卸邪薪,272,m
袘邪斜泻械薪,272,m
袣薪邪褉懈泻,272,f
肖邪褉屑邪薪,272,m
肖邪懈泻,272,m
袨泄斜械泻,272,m
袦邪褉械屑,272,f
袗斜斜邪褋,272,m
袪邪褎邪褝谢,271,m
袗泻褋懈薪褜褟,271,f
小锌懈褉懈写芯薪,270,m
袦芯胁褋械褋,270,m
袚械薪褉懈械褌褌邪,270,f
袛屑懈褌p懈泄,270,m
小懈屑邪,269,f
袦邪泻褋邪褌,268,m
袗泻斜邪褉,267,m
袣邪蟹懈屑懈褉,267,m
袪邪屑邪蟹,267,m
小褍褉懈泻,266,m
袩邪褕邪,266,m
袠谢薪褍褉,266,m
袗蟹懈蟹邪,265,f
袙邪谢懈,265,m
袗褑邪屑邪蟹,265,m
袛懈谢褜斜邪褉,265,m
袗褍褉懈泻邪,264,f
袟褍褉邪斜懈,264,m
袪懈褎谐邪褌,264,m
袪懈褔邪褉写,263,m
袦邪谐芯屑械写褋邪懈写,263,m
袪邪褏懈屑邪,263,f
袚邪谢懈斜,263,m
袗泄斜褍谢邪褌,263,m
袦邪泄褉斜械泻,263,m
袧懈泻懈褎芯褉,263,m
肖邪邪褌,263,m
肖懈褉写邪胁褋,262,m
袧邪懈褉懈,262,m
袪邪褋懈谢褜,262,m
袪邪褟薪,262,m
袠褋邪泻,262,m
校谢褜褎邪褌,261,m
袟褍谢褎懈褟,261,f
袗褉械薪,261,m
小邪褌械薪懈泻,261,f
袗褋褌械屑懈褉,261,m
袪邪胁懈褟,261,f
袛邪薪懈械谢,261,m
袗蟹邪谢懈褟,260,f
肖械褉写懈薪邪薪写,260,m
袟邪泻懈褟,260,f
袣邪薪邪褌,260,m
袙邪褉写谐械褋,258,m
袪邪写芯屑懈褉,258,m
袗褏薪邪褎,258,m
袪褍褎懈褟,257,f
袗谢械泻褋邪薪写械褉,257,m
袪邪褏懈谢褟,257,f
袦懈褉谢邪薪,256,m
袦邪褉卸邪薪邪褌,256,f
袦邪懈褉斜械泻,256,m
啸邪写懈褋,256,m
小械写褉邪泻,256,m
袥械屑邪,256,m
袙邪谢械p懈泄,256,m
袙邪褉懈褋,255,m
啸芯褉械薪,255,m
袗薪懈褋褜褟,254,f
袥褞斜邪,254,f
啸邪谐邪薪懈,254,m
袧懈谐芯褉邪,253,f
袚薪械谢,253,m
袥懈,253,u
袦邪褉蟹懈褟,253,f
小邪谢邪屑斜械泻,253,m
袚邪写卸懈屑邪谐芯屑械写,252,m
袠褋褉邪锌懈谢,252,m
袗薪写褉械邪褋,252,m
袛邪谢谐邪褌,251,m
袛卸邪谢邪谢,251,m
袦褍褉屑邪薪,251,m
笑褘褉械薪,251,m
袗谐褉邪褎械薪邪,251,f
袥芯屑-袗谢懈,251,m
袧邪褋懈屑,250,m
袥懈薪邪褉邪,250,f
袪邪懈写邪,249,f
袗谐谢邪褟,249,f
啸邪胁邪卸,249,m
携褏邪,249,f
小械胁懈薪写卸,248,u
袘邪褏芯写褍褉,248,m
肖褉邪薪褑,248,m
啸邪蟹褉械褌,248,m
袣褉械褋褌懈薪邪,248,f
袦邪泻褋褍褌,248,m
袘邪懈褉屑邪,248,f
袛邪胁褍写,248,m
袠薪褌懈谐邪屑,247,m
袪懈蟹邪,247,m
啸邪泄斜褍谢邪,247,m
袗泄屑邪薪,247,m
袗褉褋邪谢邪薪,247,m
袦邪谐芯屑械写泻邪屑懈谢褜,246,m
袦邪蟹邪褏懈褉,246,m
袗谢械泻褋邪薪写褉芯胁懈褔,246,m
小芯斜懈褉卸芯薪,245,m
啸械写懈,245,f
袗薪褍邪褉,245,m
袧褍褉邪写写懈薪,245,m
袪械褎邪褌,245,m
袧邪褌懈泻,244,m
孝邪褋谢懈屑邪,244,f
袙邪薪写邪,243,f
袣芯褉褞薪,243,m
袗斜写褍谢邪蟹懈蟹,243,m
小邪胁懈褟,243,f
协褋械褌,243,f
袗斜褍,242,m
袝褉卸邪薪,242,m
袧懈泻芯谢邪,241,m
袧邪褌邪薪,241,m
袦懈薪邪褋,241,m
袟邪泻懈,240,m
袥邪褕邪,239,m
袙懈褌邪褍褌邪褋,239,m
袠斜褉邪褏懈屑,239,m
袗谢褜斜械泻,239,m
挟褋械褎,238,m
袧邪蟹懈锌,238,m
协薪写卸械,237,f
楔械胁泻械褌,237,m
袗褍械褋,237,m
袪邪屑蟹懈谢褜,236,m
袗谢褌褘薪邪泄,236,m
袟芯褉懈谐褌芯,236,m
袗谢邪薪邪,236,f
袚邪泄写邪褉,236,m
楔邪屑褏邪薪,235,m
啸褍褋械泄,235,m
袛懈薪懈褋谢邪屑,235,m
小懈谢褜胁邪,234,f
袨褉械褋褌,234,m
袗薪褍褕邪胁邪薪,234,m
袦懈谐褉邪薪,234,m
袦邪褉懈薪褝,234,f
袗屑褍褉,234,m
小邪褉写邪褉,234,m
楔邪褉懈锌,234,m
校胁邪泄褋,234,m
肖邪薪蟹懈谢褜,234,m
楔芯谢斜邪薪,234,m
孝芯褎懈谐,233,m
袥械褉薪懈泻,233,m
袛卸邪谢懈谢褜,233,m
携薪芯褕,233,m
肖懈褉写褍褋,233,m
袧邪蟹懈谢褟,232,f
协泄胁邪蟹,232,m
袠褉邪泻谢懈,232,m
袪褟褕懈褌,232,m
袙懈谢褜谐械谢褜屑,232,m
袘邪褏褉褍蟹,231,m
袗斜写褍屑邪谢懈泻,231,m
袧褍褉邪薪懈褟,231,f
袪邪褕邪褌,231,m
袗褉褞薪邪,231,f
袘褍褟薪,231,m
肖懈褉谐邪褌,230,m
孝邪谢懈褟,230,f
袛懈芯薪懈褋,230,m
袠屑邪薪,230,m
袘邪泻褌褘斜械泻,230,m
协谢谐褍写卸邪,230,m
袪邪写卸,230,m
袩械褌械褉,230,m
袦邪褉泻芯,229,m
袗斜邪泄,229,m
袦邪褉褜褟薪,229,m
袗薪邪懈写,229,f
肖褉懈写褉懈褏,229,m
小胁械褌芯褋谢邪胁,229,m
袚械芯褉谐,228,m
袦懈薪蟹懈谢褟,228,f
袗锌锌芯谢懈薪邪褉懈褟,228,f
袦邪泻褋,227,m
小芯褋芯,227,m
袛卸邪屑邪谢褍写懈薪,227,m
校褉邪薪邪,227,f
袦褍褕褎懈谐,226,m
袗谐邪褉芯薪,226,m
袦褋褌懈褋谢邪胁,226,m
小邪胁褉,226,m
袧褍褉写懈薪,226,m
袦懈薪谐懈褟薪,226,m
袗褋谐邪褌,226,m
袗褋褘谢斜械泻,225,m
袩邪薪褌械谢械泄,225,m
袪邪褎懈谢,225,m
袟褍褉邪,225,f
袗薪懈褋懈褟,225,f
袗褟薪邪,224,f
袦邪褋懈褋,224,m
袠泻褉邪屑,224,m
袦邪泻褋褍写,224,m
袗谢邪褍写懈薪,224,m
袠薪邪褉邪,224,f
袩褉芯褏芯褉,224,m
袣懈褉懈谢,224,m
袟芯谐褉邪斜,223,m
袟邪褍褉懈,223,m
袠谢谐邪屑,223,m
孝芯褏懈褉,223,m
孝褏懈,223,u
袚邪蟹懈蟹,223,m
袩邪褉邪褋泻芯胁褜褟,223,f
袚褉邪褔,222,m
袦邪褉褏邪,222,f
袙懈谢褜褟屑,221,m
袦械褏褌懈,221,m
袗谢褌褘薪斜械泻,221,m
袗褟褋,221,m
袟褍谐褉邪,220,f
袪邪褎邪械谢褜,220,m
袟褍谢械泄褏邪,219,f
袥械薪邪褉邪,219,f
袗褋邪褎,219,m
袥懈谢懈,219,f
袚懈芯褉谐懈,218,m
袣邪屑懈谢褟,218,f
小械褉卸懈泻,218,m
啸邪写卸懈屑褍褉邪写,218,m
啸械写邪,218,f
携写胁懈谐邪,218,f
袘邪谐邪褍褌写懈薪,217,m
袧褍褉,217,m
啸邪褔懈屑,217,m
袦邪褉懈械褌,217,f
挟薪,217,m
袠褉褎邪薪,216,m
袛卸邪谢懈谢,216,m
袦邪谐芯屑械写褋邪谢邪屑,216,m
袗褉褍褋褟泻,216,f
啸邪褌褍薪邪,216,f
袛卸邪屑邪谢褍褌写懈薪,216,m
袩芯谢邪写,216,m
袩芯谐芯褋,216,m
小芯谢斜芯薪,216,m
袧芯胁褉褍蟹,216,m
袦懈泻邪褝谢,215,m
袗褋褌褏懈泻,215,f
袚褍谢薪芯褉邪,215,f
协谢褜写邪薪懈蟹,215,m
协褋泻械薪写械褉,215,m
袙褟褔懈褋谢邪胁,215,m
袠谢褋褍褉,215,m
袗斜写褍谢谢邪褏,214,m
协谢写邪褉,214,m
孝邪褉芯薪,214,m
啸胁懈褔邪,214,m
袠褋谢褟屑,214,m
孝邪褏屑懈薪邪,214,f
孝邪褍褋,214,m
袥械褉邪,214,f
袣邪写懈褉,214,m
袟邪褏懈褉,213,m
袚褍谢褜薪芯褉邪,213,f
袚械芯褉谐懈,213,m
袧褍谐蟹邪褉懈,213,m
袧邪褌邪褕邪,213,f
小邪泻懈薪邪,213,f
袣邪锌谢邪薪,213,m
小邪斜褍褏懈,213,m
小邪褕邪,213,f
袚邪斜写褍谢谢邪,213,m
袞邪薪邪褌,212,m
袧邪谐懈屑,212,m
袘械褋懈泻,212,m
袗谢械泻褋邪薪写褉褋,212,m
袦邪懈薪邪,212,f
袪邪胁懈褋,212,m
袧邪褋懈褉,211,m
袦邪褋褏褍褌,211,m
袦懈褏邪泄谢,211,m
袦邪谐芯屑械写蟹邪谐懈褉,210,m
袗谐胁邪薪,210,m
袗褉懈邪写薪邪,209,f
袘邪泻褘褌斜械泻,209,m
袗薪写褉懈褋,209,m
袘芯谢邪褌,209,m
袥褍泻邪,209,m
校谢邪薪斜械泻,208,m
小邪懈写-袦邪谐芯屑械写,208,m
肖邪蟹懈谢褜,208,m
袚邪泄褋邪,208,m
楔邪斜邪薪,208,m
袘邪泄褉褌邪,208,f
协薪卸械,208,f
袦懈褌褉芯褎邪薪,208,m
袦褍褉芯写卸芯薪,207,m
袘械褉褌邪,207,f
袗谢褟,207,f
袣械褉屑械薪,207,m
袚懈芯褉谐懈泄,207,m
袦褍褏邪褉斜懈,207,m
袠谢褜褎邪褉,207,m
肖械写芯褋褜褟,207,f
袦械写卸懈写,206,m
袧邪褋懈斜邪,206,f
袗蟹薪邪褍褉,206,m
袟芯褉懈泻,206,m
袚褉邪褔褟,206,m
袧褍褉卸邪薪,206,m
袥械谢褟,206,f
袧褞褉谐褍褟薪邪,205,f
啸邪屑懈褋,205,m
袗褋懈屑,205,m
袚褍谢褜褋邪褉邪,205,f
小邪懈褌,205,m
袧邪锌懈褋邪褌,204,f
袧懈写卸邪褌,204,m
袟邪褍褉斜懈,204,m
袛卸邪胁邪写,204,m
孝邪屑懈褉谢邪薪,204,m
袠谢褜谐懈蟹邪,203,f
袘邪斜械泻,203,m
袙邪蟹懈褉,203,m
孝邪褌褍谢,203,m
袗泄写邪屑懈褉,203,m
袦邪褉械褌邪,203,f
袚邪褉褍薪,203,m
袗褟薪,203,m
袚褍谢薪邪褉邪,202,f
袞芯褉卸,202,m
袗褉械谐,202,m
袦芯褏邪屑邪写,202,m
袗薪写褉褞褋,202,m
袚邪谢褍褋褌,201,m
袗谢褜褎邪褌,201,m
袪懈褎褏邪褌,200,m
袗褉褕邪胁懈褉,200,m
协谢褜薪邪褉,200,m
小邪屑械写,200,m
袞邪褏芯薪谐懈褉,200,m
小谢邪胁邪,200,f
袗谢械泻,200,m
袗写邪谢邪褌,200,m
袙芯谢褜写械屑邪褉,200,m
袗谢胁邪褉写,199,f
挟谢褟,199,f
袗斜写褍褉邪褏懈屑,199,m
肖邪褏褉懈写写懈薪,199,m
袦褍褏邪屑械褌,199,m
袗写械谢懈褟,199,f
袧褍褉懈,199,m
啸邪谢懈屑邪,199,f
袛芯褉邪,199,f
袙谢邪写懈懈屑褉,199,m
袣邪谢懈屑邪褌,198,f
袨写懈褋褋械泄,198,m
袗谐懈谢,198,m
小邪褉胁邪褉,198,m
袞械薪褟,198,f
袣邪褏邪,198,m
袚邪谢懈屑蟹褟薪,198,m
袙谢邪写懈屑懈褉芯胁懈褔,198,m
袞邪薪械褌邪,197,f
袥懈薪懈蟹邪,197,f
孝褍屑褝薪,197,m
小邪薪卸邪褉,196,m
袪邪蟹懈屑,196,m
袗薪写蟹芯褉,196,m
袦褍褏邪屑屑械写,196,m
袗薪写卸械泄,196,m
袚懈写邪褟褌,196,m
肖械写芯褉邪,196,f
袙邪谢褜写械屑邪褉,196,m
协褋屑懈褉邪,195,f
袗薪械褌邪,195,f
袪芯谢邪薪,195,m
袪褍斜懈薪,195,m
袣褉懈褋褌懈邪薪,195,m
袧褝谢谢邪,195,f
肖邪屑懈谢,194,m
袛邪褍褌,194,m
袗斜写褍褋邪谢邪屑,194,m
袗谢懈谐邪写卸懈,194,m
袪邪蟹懈谢褜,194,m
袗褉褑褉褍薪,194,m
袗泄邪薪邪,194,f
袦邪谐褋褍屑,194,m
袪邪写懈屑,193,m
袠薪,193,m
袝谐懈褕械,192,m
啸邪薪谢邪褉,192,m
袗褉泻邪写懈,192,m
袛邪薪懈褉,192,m
袦邪褉褌懈泻,192,m
携泻褍锌,192,m
效芯写褍褉邪邪,192,f
袝褋械薪懈褟,191,f
袛邪薪,191,m
袗谢褜胁懈,191,m
袚褍褉懈泄,191,m
携.,191,m
袚褍褉斜邪薪,190,m
袟械褉邪,190,f
孝邪薪蟹懈谢邪,190,f
袗泄褋械薪,190,m
袣褍屑邪褉,190,m
袠谢械蟹,190,m
楔懈褉懈薪,189,m
袣械褌械胁邪薪,189,f
袧邪褋懈斜,189,m
袦邪薪褍褕邪泻,189,f
袝褎褉械屑,189,m
袚邪泄褉邪褌,189,m
袦邪谐芯屑械写褌邪谐懈褉,189,m
袨薪懈泻,188,m
袗泄褕械,188,f
袦邪谐械褉褉邪屑,188,m
协谢褔懈薪,188,m
袗褉蟹褍屑邪薪,188,m
协写懈褌邪,188,f
肖邪褉懈写褍薪,188,m
袠谢褎邪褌,188,m
袥邪褌懈褎,188,m
袪懈褏邪褉写,188,m
袚芯褉写械泄,188,m
肖械写芯褌,188,m
袛邪褕懈,188,m
肖懈写械谢褜,187,m
袘褍褉谢懈褟褌,187,f
袗斜邪褋,187,m
袚邪谢懈屑邪褌,187,f
袗泄褕邪,187,f
携薪薪邪,187,f
袠芯谢邪薪褌邪,187,f
袟邪褉懈屑邪,187,f
袗薪邪褉邪,187,f
孝邪谢邪薪褌斜械泻,187,m
小械谢懈屑,187,m
袗薪褌芯薪懈泄,187,m
袥懈薪写邪,186,f
协褉胁懈薪,186,m
袗谢屑邪蟹斜械泻,186,m
肖懈泻褉邪褌,186,m
袪邪泄褏邪薪,186,m
袪邪懈褋褟,186,f
袦邪泄泻谢,186,u
袗褉锌懈薪械,186,f
袗斜褍蟹邪褉,186,m
袪邪蟹懈写邪,186,f
袟邪谢懈褎邪,185,f
袚褍谢褜谐械薪邪,185,f
协谢褜胁械褉邪,184,f
袚芯邪褉懈泻,184,f
袠褋褉邪褎懈谢,184,m
小邪褎懈褟,184,f
袗斜写褍谢泻邪写褘褉,184,m
袗谐薪械褋褋邪,184,f
袗写褉懈邪薪,184,m
袠谢褟薪邪,183,f
袗谢邪写写懈薪,183,m
小邪褉褏邪薪,183,m
袦芯薪懈泻邪,183,f
袙邪褔懈泻,183,m
袗褕褏械薪,183,f
袪邪褔懈泻,183,m
肖邪胁蟹懈褟,183,f
袦褍褉褌邪蟹,183,m
携胁写邪褌,183,m
袧邪写褘褉,183,m
袠谢褜泻懈薪,182,m
袪褍蟹邪谢褜,182,m
袗泄卸邪薪,182,m
袧褍褉褍谢谢芯,181,m
袗斜写褍褉邪褏屑芯薪,181,m
袦褍薪泻芯,181,m
袦懈薪蟹懈褎邪,181,f
啸邪写卸懈-袦褍褉邪褌,181,m
袛懈谢褎褍蟹邪,180,f
袚邪谢懈屑卸邪薪,180,m
袛芯薪邪褌,180,m
袦邪褌谢邪斜,180,m
协谢屑懈褉邪,180,f
袘邪泄蟹械褌,180,m
袘邪褟褉屑邪,180,f
袥械芯薪芯褉邪,180,f
袙邪褉写褍懈,179,f
袦邪褉懈褋,179,m
袞邪屑懈谢褟,179,f
袦邪蟹懈褌,179,m
袦邪谐写邪谢懈薪邪,178,f
袛卸芯薪懈,178,m
袥懈邪薪薪邪,178,f
袣邪写褘褉,178,m
袧芯褉邪,178,f
袧邪褉邪薪,178,m
袟褍屑褉褍写,177,f
袦械写懈薪邪,177,f
小邪薪邪褋邪褉,177,m
袗褉褍褌,177,m
啸邪褋褋邪薪,177,u
孝邪谢褜谐邪褌,177,m
袠谢褞蟹邪,176,f
袗斜写褍谢泻械褉懈屑,176,m
袨谢械褋褜,176,m
小邪褎邪褉邪谢懈,176,m
袗屑邪谢褟,176,f
袗褋泻邪褌,176,m
袛卸邪屑斜褍谢,175,m
袪邪褋褌褟屑,175,m
袣邪褋褘屑,175,m
袗谢懈屑邪,175,f
袧褍褉懈写写懈薪,175,m
袗谢懈械,175,f
小懈褉邪卸褍写懈薪,175,m
小邪卸懈写邪,175,f
袣邪薪褌械屑懈褉,175,m
袗泄谐褞谢褜,175,f
袟褍斜邪懈褉,175,m
袗泻褘谢斜械泻,175,m
袦邪谐邪屑械褌,175,m
袦褍褋谢懈屑邪,175,f
袥械薪懈蟹邪,174,f
袚褍蟹褝谢褜,174,f
袟芯褉邪薪,174,m
袦邪泻褋懈屑懈谢懈邪薪,174,m
袥邪屑邪褉邪,174,f
孝械屑懈褉,174,m
袪邪胁褕邪薪斜械泻,174,m
袠谢褞褋,174,m
袧邪懈屑,173,m
协谢芯薪邪,173,f
袘邪写褉褍写懈薪,173,m
袚邪褉懈褎褍谢谢邪,173,m
小芯褋谢邪薪斜械泻,173,m
袛械褉械薪懈泻,172,m
袠蟹屑邪懈谢,172,m
袦懈褉斜械泻,172,m
袛卸械屑屑邪,172,f
楔邪屑褏邪谢,172,m
袣芯褉薪械泄,172,m
袠谢械褋,172,m
袗褋邪褌褍褉,171,m
协写胁懈薪,171,m
袪懈锌褋懈屑械,171,f
袗泄泻邪薪褍褕,171,f
肖邪褌褘屑邪,171,f
袗谢褏邪蟹褍褉,171,m
袨谢械薪邪,171,f
袛褜褍谢褍褋褌邪薪,171,m
袪械蟹胁邪薪,171,m
袗薪褍蟹邪,171,f
袟邪谐懈写邪褌,170,f
孝邪褋泻懈褉邪,170,f
袚褉械褌邪,170,f
袙懈芯褉懈泻邪,170,f
袗褉褋谢邪薪斜械泻,170,m
啸邪斜懈褉,170,m
袠薪薪械褋邪,169,f
袘械褏褉褍蟹,169,m
袨褋褌邪锌,169,m
袨谢懈屑,169,m
袧懈谐懈薪邪,169,u
袗斜写褍谢泻邪写懈褉,169,m
小邪锌懈褟褌,169,f
袦邪泄褉邪屑,169,m
袪械蟹芯,169,m
袩邪褉褍泄褉,169,m
袠谢褜褟蟹,168,m
袪邪褋懈谢褟,168,f
啸懈泻屑械褌,168,m
袪邪褎懈写邪,168,f
袠褋邪泄,168,m
小褌械锌邪,168,m
袗谢懈屑卸邪薪,168,m
小械褉芯斜,168,m
小邪谢懈屑邪褌,168,f
袞邪屑懈谢褜,168,m
袥械褔邪,168,m
校屑懈写卸芯薪,167,m
袦褍褉芯写,167,m
协褏褌懈斜邪褉,167,m
袗斜写褍谢谢芯,167,m
袛蟹械褉邪褋褋邪,167,f
协谢褟,167,m
袪芯褋褌芯屑,167,m
袪邪谢懈褟,167,f
啸邪泄褉褍谢谢邪,167,m
小械褌褉邪泻,167,m
小邪褑懈褌邪,167,f
袦邪谢褏邪蟹懈,167,m
袪邪斜懈谐邪,167,f
袗褋邪写,167,m
袧邪泻懈褟,167,f
袗褞锌,167,m
小褍薪,167,u
袣褍褉斜邪薪邪谢懈,166,m
楔邪褏薪芯蟹邪,166,f
袟芯褏褉邪斜,166,m
袠谢褜薪邪褉邪,166,f
挟谢写褍蟹,166,m
小褍褉褏邪泄,166,m
袦邪谐芯屑械写-袘邪褕懈褉,166,u
袛褉邪谐邪薪,166,m
袗谢械泻褋邪写褉,166,m
袗褉褋谢邪薪邪谢懈,165,m
孝邪邪谢邪泄斜械泻,165,m
袙邪褋褋邪,165,f
袠谢褏芯屑卸芯薪,165,m
肖邪薪懈褋邪,165,f
效械褋谢邪胁,165,m
袛卸褍谢褜械褌邪,165,f
袟邪褍写懈薪,165,m
啸邪斜懈斜褍谢谢邪,165,m
袦芯褉懈褋,165,m
校屑邪谢邪褌,164,m
袗褕褍褉邪,164,f
袦邪卸懈褌,164,m
肖邪褉懈蟹邪,164,f
袪械蟹褍邪薪,164,m
肖懈写邪懈谢,164,m
袗斜褉械泻,164,m
袦械褏写懈,164,m
袣邪谢械褉懈褟,164,f
小褍谢懈屑邪薪,164,m
肖懈薪邪褌,164,m
小褝褋褝谐,164,f
袠谢褜屑邪褉,164,m
袛邪谐懈褉,164,m
袟邪锌懈褉,164,m
袩褉芯褋泻芯胁褜褟,164,f
小邪褟褉,163,m
袗泄谐褍谢,163,f
袗泄胁邪蟹,163,m
袝胁谐褉邪褎,163,m
袛卸懈胁邪薪,162,m
袗斜懈写邪褌,162,u
袗谢谢邪褏胁械褉写懈,162,m
袚邪薪薪邪,162,f
袪邪屑邪蟹懈,162,m
袣褟屑懈谢褜,162,m
袗褉懈邪薪,162,m
袛卸邪斜懈褉,162,m
袚邪褉褉懈泄,162,m
小械褉写邪褉,162,m
楔懈褉胁邪薪懈,162,m
袠褋屑械褌,161,m
袧懈褟蟹懈,161,m
袙懈芯褉械谢,161,m
袚邪褟褉,161,m
袚邪屑懈褉,161,m
袟邪泻邪褉褜褟,161,m
袪褍褋谢邪薪斜械泻,161,m
袚懈邪,160,m
袦褍屑懈薪邪褌,160,f
小邪谢懈褏邪褌,160,f
袗斜写褍谢斜邪褋懈褉,160,m
袪邪写懈屑褏邪薪,160,f
校谢邪薪,160,m
袛邪褏懈褉,160,m
袘芯谢械褋谢邪胁,160,m
袟械泄薪邪斜,160,f
袟邪泻邪褉懈褟,160,m
袦邪谐芯屑械写褕邪锌懈,160,m
袛懈谢屑褍褉芯写,159,m
袗泻屑邪谢卸芯薪,159,m
袛芯褉写卸懈,159,m
袪褝屑,159,m
袗斜写褍谢褏邪屑懈写,159,m
袦械褏邪泻,159,m
校谢谢褍斜懈泄,159,m
袦蟹懈褟,158,f
袗斜写褍谢褏邪谢懈泻,158,m
袘邪泻懈褉,158,m
小邪谢褌邪薪邪褌,158,f
袗薪写褉械邪,158,m
袛芯谢邪邪薪邪,158,f
袗写卸邪屑,158,m
袙邪褑谢邪胁,157,m
楔邪懈谐,157,m
袧邪胁褉褍蟹,157,m
袦泻褉褌褘褔,157,m
袚邪斜懈斜,157,m
袧褍褉懈褟褌,157,f
小邪泻懈褌,157,m
袦褍蟹邪褎邪褉,157,m
袛卸邪薪谐邪褉,157,m
袗斜写褍谢屑褍褋谢懈屑,157,m
袝屑械谢褜褟薪,157,m
袗谢懈斜械谐,157,m
校屑械写卸芯薪,156,m
袠胁械褌邪,156,f
小褌褝谢谢邪,156,f
啸邪褉芯薪,156,m
袠谢懈褟,156,f
肖懈写邪褉懈褋,156,m
袚褍谢褜褋懈褉邪,156,f
袪邪褋懈屑褟,156,f
袘邪褉懈,156,m
袟邪褉懈褎邪,155,f
袨褉褍写卸,155,m
袟懈褌邪,155,f
肖邪薪褍褋,155,m
袚邪谢懈屑邪,155,f
袣褍斜邪薪褘褔斜械泻,155,m
肖邪薪蟹懈谢褟,155,f
袠褋泻械薪写械褉,154,m
袗屑邪薪,154,m
袗褏屑械写褏邪薪,154,m
袗蟹褉械褌-袗谢懈,154,m
肖邪蟹褘谢,154,m
袙械谢懈,154,m
袘械谢邪,154,f
袨褌褌芯,154,m
校屑懈写,154,m
袥褝泄,154,u
袚褍谢褜褋懈薪褟,154,f
袙懈褌芯谢褜写,153,m
楔芯褏褉褍褏,153,m
袗薪褞褌邪,153,f
袛懈谢芯胁邪褉,153,m
袞邪褉谐邪谢屑邪,153,f
袠褋谢芯屑,153,m
袗褋邪写褍谢邪,153,m
肖邪薪褍蟹,153,m
袗褉褌褍褉邪褋,153,m
袪邪薪懈褟,152,f
袪懈胁邪谢褜,152,m
小褌邪褋,152,m
肖懈褉写芯胁褋懈,152,m
袘邪谐写邪褋邪褉,152,m
楔邪胁邪褉褕,152,m
孝械芯写芯褉,152,m
袗斜写褍谢邪褌懈锌,152,m
袘芯p懈褋,152,m
袦懈褕械谢褜,151,m
小邪写懈谐,151,m
协谢屑邪薪,151,m
挟泄,151,u
袦邪褉懈邪薪,151,m
肖邪褉懈褋,151,m
袙谢邪写屑懈褉,151,m
袗薪写褉械泄褋,151,m
袦邪薪褍褔械褏褉,150,m
小邪褟褌,150,m
小褌械褎邪薪懈褟,150,f
袨褎械谢懈褟,150,f
袣械薪邪薪,150,m
袪械褕邪褌,150,m
袘械薪懈邪屑懈薪,150,m
协褉写褝薪懈,150,m
啸邪褋械薪,150,m
袦芯褏邪屑屑械写,150,m
肖械泻谢邪,150,f
袦邪褉卸邪薪,149,f
袗褋谢邪薪斜懈,149,m
孝邪写械褍褕,149,m
袚褍谢褟,149,f
袪邪蟹邪谢懈褟,149,f
小芯泻褉邪褌,149,m
袙懈谢邪褟褌,149,m
肖邪褌褘褏,149,m
携褋懈薪,149,m
袣邪屑邪谢褍写懈薪,149,m
袗蟹屑械褌,149,m
袦褍薪邪胁懈褉,149,m
袗斜写褍谢褏邪泻,149,m
协胁邪谢褜写,149,m
小械褉谐械,149,m
袣邪褋褍屑,148,m
袠谢褜褎邪泻,148,m
袗屑懈薪械褌,148,f
袩褟褌懈屑邪褌,148,f
小邪泄写-袦邪谐芯屑械写,148,m
袗泄褌械薪,148,m
袗谢写褘薪邪泄,148,f
袣邪褌邪褉懈薪邪,147,f
楔邪褏谢邪褉,147,m
协屑懈薪械,147,f
袟邪谐懈写,147,m
袗褋邪写褍谢谢邪,147,m
小邪薪写褉邪,147,f
袟褍谢邪泄,147,f
袦邪褉懈薪,147,m
袧褞褉谐褍薪,147,m
袚褍谢褜褔懈褉邪,147,f
袚邪屑懈谢褜,147,m
袪邪褏邪褌,146,f
协屑懈谢,146,m
袗褌芯屑,146,m
袗褉谐邪屑,146,m
袗斜写褍谢胁邪谐邪斜,146,m
协谢褜褎懈褟,146,f
袪邪褎邪褌,146,m
袗写懈谢械褌,146,m
袦邪谐芯屑械写薪邪斜懈,146,m
袛懈斜懈褉,146,m
袣邪斜懈褉,146,m
袗泄写褘褋,146,m
小懈谢褜胁懈褟,145,f
袘邪懈褉邪,145,f
袥褍褋懈薪褝,145,f
袛邪胁褉芯薪,145,m
袗褋屑邪,145,f
袚邪斜褉懈褝谢褜,145,m
袪邪谢懈薪邪,145,f
袗泄邪邪谢,145,m
H邪褌邪谢褜褟,145,f
啸褍褋薪懈写写懈薪,144,m
小邪褏邪胁邪褌,144,m
袛卸褍屑邪,144,m
啸邪蟹斜懈,144,m
袗褉褌邪褕,144,m
袦褝褉懈,144,f
小芯械谢屑邪,144,f
袥械泄谢懈,144,f
袣邪薪褘斜械泻,144,m
孝褍泄邪褉邪,144,f
袗泄薪邪谐褍谢褜,144,f
袗谐懈谢褜,144,m
袣邪薪邪薪,144,m
肖邪泻懈褟,144,f
楔邪锌懈,144,m
效械褔械泻,144,f
协褉械褋,144,m
袗褉褌褘褕,144,m
袠薪胁械褉,143,m
袦械写械褟,143,f
袚邪泄,143,m
袚邪斜褉懈械谢,143,m
袥械谢邪,143,f
袦懈褏邪褝谢褜,143,m
袘懈谢褟谢,143,m
袗屑懈写,143,m
袛械薪懈,143,m
袧邪谐懈屑邪,143,f
袗泄褉邪锌械褌,143,m
袙邪褋懈屑邪,143,f
袦懈薪邪,143,m
袦懈薪褜,143,u
袨屑邪泻,143,m
袚褞蟹械谢懈褟,142,f
孝芯屑邪褉邪,142,f
袚褍蟹邪谢,142,m
袧械屑邪褌,142,m
袗褋泻械褉斜懈,142,m
袦懈薪,142,m
袙邪谢械褉懈,142,m
小褍谢褌邪薪斜械泻,142,m
肖邪薪懈谢褟,142,f
袧邪蟹懈泻,141,f
小懈褉邪卸褍褌写懈薪,141,m
袚芯褉邪薪,141,m
袟懈褟,141,m
啸邪泄褉褍谢谢芯,141,m
袚懈谢褟薪邪,141,f
袪褍褋褌邪屑斜械泻,141,m
袣邪褉懈屑邪,141,f
袗谐蟹邪屑,141,m
袗褋谢邪薪斜懈泄,141,m
小懈褉懈薪,141,m
协谢械薪,141,f
袟邪泄薪褍谢谢邪,141,m
袨屑械褉,141,m
袛卸邪褏芯薪谐懈褉,140,m
啸邪屑懈写褍谢谢邪,140,m
袙邪谢懈写邪,140,f
袗谢褎懈褟,140,f
袛邪褌芯,140,m
袠褉斜械泻,140,m
袥褍褋懈泻,140,f
袦邪褉褌褍薪,140,m
楔懈褉胁邪薪,140,m
袦邪写谢械薪邪,140,f
小邪写褘泻,140,m
袪邪褎懈谢褟,140,f
袘邪褟褋褏邪谢邪薪,140,m
袦邪褉懈褟褌,140,f
啸邪谢懈褋邪,140,f
袪邪胁泻邪褌,140,m
袪械屑蟹懈,139,m
袙懈芯谢邪,139,f
袥懈泻邪,139,f
袚褞薪邪泄,139,f
袣邪褏褉邪屑芯薪,139,m
袠斜褉芯褏懈屑,139,m
袦邪褉懈褝褌褌邪,139,f
袛懈谢芯褉芯屑,139,f
孝邪卸褍写懈薪,139,m
小邪斜懈褉邪,139,f
袘褉芯薪懈褋谢邪胁邪,139,f
袙邪褋懈屑,139,m
袟懈谢懈褟,139,f
袧邪泻懈锌,139,m
袛屑懈褉懈泄,139,m
袠p懈薪邪,139,f
袙邪褋懈谢械,138,u
袠泻褉芯屑,138,m
协褉邪褋褌,138,m
袠褋屑芯懈谢,138,m
袘邪褌褘褉斜械泻,138,m
肖械芯写芯褋懈褟,138,f
袗斜写褍谢屑械写卸懈写,138,m
孝懈屑械褉褏邪薪,138,m
校褉褍蟹屑邪谐,138,m
袛卸械屑邪谢懈,137,m
肖邪懈谢褟,137,f
袘邪褋懈褉,137,m
袪邪写懈屑邪,137,f
袗写械谢邪懈写邪,137,f
携谐褍斜,137,m
袣褍褉斜芯薪邪谢懈,137,m
挟褉懈械,137,m
袪芯蟹邪谢懈薪邪,137,f
袗谢褜褎褉懈写,137,m
袦褍褉邪褌斜械泻,137,m
袚褍谢褜写邪褉,137,f
啸邪褍褌懈,137,m
袗斜写褍谢薪邪褋懈褉,136,m
肖邪蟹谢懈写写懈薪,136,m
协谢褕邪薪,136,m
啸褍褋邪泄薪,136,m
袥械薪褍褉邪,136,f
袪邪褏懈斜,136,m
袛卸邪屑邪谢写懈薪,136,m
袟邪屑懈褉斜械泻,136,m
小邪褎邪褉斜懈,136,m
袧懈谢褍褎邪褉,136,f
袘邪褟薪,136,m
袛邪褟薪,136,m
袪懈褕邪写,136,m
校泻褌邪屑,136,m
小械褉谐械懈,136,m
袗谐邪褌邪,135,f
袥褢胁邪,135,m
袣芯屑懈谢,135,m
袗薪褍褉,135,m
协谢褏邪薪,135,m
袦邪谐芯屑械写-袪邪褋褍谢,135,m
袟邪泄薪褍写懈薪,135,m
小褍锌褜褟薪,135,m
袧械谢谢邪,135,f
袣邪褞屑,135,m
啸褞褋械泄懈薪,135,m
袚邪褉懈斜,134,m
袨褎械谢褟,134,f
小械褉褢卸邪,134,m
小邪谢邪屑,134,m
袧褍褉蟹懈褟,134,f
袦邪褉谐邪褉懈褌,134,f
袗屑懈谢褜,134,m
肖懈写邪谢懈褟,134,f
袘邪褋邪薪谐,134,m
袦械褏褉懈斜邪薪,134,f
袗泻邪泻懈泄,134,m
袗胁谐褍褋褌,134,m
孝褍褟褉邪,134,f
袪邪薪芯,134,f
袗胁邪蟹,134,m
袗褏屑邪写卸芯薪,133,m
孝邪褉邪薪邪,133,f
肖邪褉褍泻,133,m
袗谢褜褎懈褋,133,m
袚邪谢褟,133,f
袚褍谢褔械褏褉邪,133,f
袪芯褋褌邪屑,133,m
袪芯屑械芯,133,m
袨屑邪褉邪褋褏邪斜,133,m
袟褍谢懈褏邪薪,133,f
袦邪褋谐褍褌,133,m
袪邪泄褎邪,133,f
肖懈褉褍写懈薪,133,m
协屑屑邪薪褍懈谢,133,m
袗褋泻邪褉斜懈泄,133,m
小械褉谐械泄褋,133,m
袧械谢褜褋芯薪,133,m
孝懈屑械褉谢邪薪,133,m
袛褍谢屑邪,133,f
袧邪写懈屑,132,m
袟邪褉褍懈,132,f
协褉屑懈薪械,132,f
啸邪褟谢,132,m
袚邪斜懈谢褜,132,m
袧褍褉懈屑邪薪,132,m
袘邪褌褉,132,m
袦懈薪蟹邪谢褟,132,f
袣褍褉斜邪薪屑邪谐芯屑械写,132,m
袚械褉邪谢褜写,132,m
袦邪褉懈械褌邪,131,u
袘芯谐写邪薪邪,131,f
楔邪褉懈褎褍谢谢邪,131,m
袧械谢懈,131,f
袘邪褌褉邪写蟹,131,m
袗谢械泻褋邪薪写褉褍,131,u
袠薪邪,131,f
袪邪泄褋褟,131,f
小邪褉懈斜械泻,131,m
袪邪屑蟹懈谢褟,131,f
袗斜写褍褉邪褋褍谢,131,m
袗薪褉懈,131,m
啸邪泻邪薪,131,m
袚邪谢懈薪褍褉,131,m
肖邪褉蟹邪薪邪,131,f
袗泄写械屑懈褉,131,m
袚械谢邪薪懈,131,m
袝胁褋械泄,131,m
校屑邪褏邪薪,131,m
袩邪胁谢邪,131,f
袚械谢懈泄,131,m
肖褉芯谢,130,m
袠谢泻懈薪,130,m
袪邪屑蟹懈褋,130,m
孝褍谢械谐械薪,130,m
啸邪褉褍薪,130,m
啸邪屑懈写邪,130,f
袦邪褉懈芯,130,u
楔邪褏懈写,130,m
袙邪褉褋械薪懈泻,130,f
袗胁邪泻,130,m
袪邪褎懈薪邪,130,f
袞邪屑褕懈写,129,m
袛邪褍谢械褌,129,m
袚邪写卸懈褟胁,129,m
袠褏褌懈褢褉,129,m
笑芯谢邪泻,129,m
袥褞写邪,129,f
袦邪褏屑褍写卸芯薪,129,m
袨谢懈屑卸芯薪,129,m
袗谢懈屑褏邪薪,129,m
袗泄褋褍谢褍,129,f
啸邪写懈褕邪褌,129,f
袦械谢泻芯薪,129,m
袦芯写械褋褌,129,m
袧褍褉谐邪褟薪,129,m
袣邪褉锌,129,m
啸邪斜邪褋,129,m
袘邪褉邪褋斜懈,129,m
袦褍褏邪斜斜邪褌,128,f
袛芯薪懈褢褉,128,m
袪邪蟹懈褎邪,128,f
袗屑械褌,128,m
肖懈褉褞蟹邪,128,f
校屑懈写邪,128,f
袪邪斜懈褟褌,128,f
小邪谐懈写,128,m
袦懈谢邪褍褕邪,128,f
袟胁懈邪写懈,128,m
袚褍谢褜蟹邪写邪,128,f
袛芯薪邪褌邪褋,128,m
校屑械写,128,m
袘芯谢芯褌,128,m
袠谢谐懈蟹邪褉,128,m
校薪邪薪,128,m
袚邪写懈褉,128,m
袚邪薪,128,m
啸邪谢械写,128,m
袦邪写卸懈写,128,m
袗写懈泻,128,m
袥褍泻屑邪薪,128,m
袪械屑,128,m
楔邪褉邪锌褍写懈薪,128,m
袧芯写懈褉斜械泻,127,m
袧邪褉谐懈褋,127,f
袧褍褉谢邪薪斜械泻,127,m
袚邪蟹懈,127,m
袗蟹褉械褌邪谢懈,127,m
袦邪褉懈泻邪,127,f
小芯斜懈褉,127,m
袙邪谢懈泻芯,127,m
袪邪褏屑邪褌,127,m
挟薪薪邪,127,f
孝械谢屑邪薪,127,m
袪邪写褍,127,m
袪邪褏屑邪褌褍谢谢邪,127,m
袚械褉褌褉褍写邪,127,f
袥懈谢懈邪薪,126,f
袗褋褏邪斜邪谢懈,126,m
袛械屑懈褋,126,m
袗斜写褍褉邪谐懈屑,126,m
袥褞蟹懈褟,126,f
协谢懈褌邪,126,f
袗薪懈褋褟,126,f
袚械泄写邪褉,126,m
袚械芯褉谐械,126,m
袗褕褉邪褎,126,m
袛懈谢薪芯蟹邪,126,f
袣褍写褉邪褌,126,m
孝邪谢懈锌,126,m
肖懈写褉邪褌,126,m
袗褉屑邪懈褋,126,m
袨写懈谢,126,m
袦邪写懈薪,126,m
袣邪薪邪褌斜械泻,125,m
袗谢懈屑斜械泻,125,m
袗谢懈卸芯薪,125,m
袪褍褕邪薪邪,125,f
袙械薪械写懈泻褌,125,m
袣芯谢褟,125,m
袗薪邪薪懈泄,125,m
袚褞薪械谢褜,125,f
孝邪褉懈褝谢,125,m
袪褍屑懈谢褜,125,m
袘邪泻褘褌,125,m
袗斜褍泻邪褉,125,m
袚邪谢懈屑褜褟薪,125,m
袪芯屑褍邪谢褜写,125,m
袗斜写褍谢褏邪泄,125,m
袗斜写褍谢褏邪泻懈屑,124,m
袗谢懈写卸芯薪,124,m
袘械褉懈泻,124,m
小懈褉芯卸懈写写懈薪,124,m
袣械胁芯褉泻,124,m
袘械泻懈褉,124,m
袟邪谐褉邪,124,f
孝懈薪邪褌懈薪,124,f
小邪谢邪屑褍,124,m
袥邪谢懈褌邪,124,f
肖邪褉褍褏,124,m
袚邪褋锌邪褉,124,m
袗斜写褍褉邪蟹邪泻,124,m
肖褟褉懈写,124,m
袪蟹邪,124,m
袚邪斜写褉邪褕懈褌,124,m
袗泄谢邪薪邪,124,f
袛卸邪屑懈谢,123,m
袛懈邪薪薪邪,123,f
袦邪褉懈械褌褌邪,123,f
孝邪薪褋褘谢褍,123,f
孝邪褍谢邪薪,123,m
小邪屑懈谐褍谢谢邪,123,m
袧褍褋褉械褌,123,m
袛卸芯褕谐褍薪,123,m
袦邪褉懈褟薪,123,m
孝芯谐褉褍谢,123,u
啸邪屑懈写斜懈,123,m
袣褍褉械泄褕,123,m
袪邪褎懈褟,123,f
肖邪谐懈谢褟,123,f
小械褉械谐泄,123,m
袧褍褉褋褍谢褌邪薪,122,m
袗泄谐褞薪,122,f
小邪褎邪,122,m
袧邪蟹褘屑,122,m
袣邪写卸懈泻,122,m
袪芯屑邪褋,122,m
袪褍褋褍写邪薪,122,f
袧邪褋褉褍谢谢邪,122,m
小芯薪懈褟,122,f
小邪谐谢邪褉邪,122,f
袟褍斜械褉,122,m
袦芯胁谢邪写懈,122,m
袗薪褌邪薪邪褋,122,m
肖谢褞褋,122,m
袗谢械泻褋邪薪写褉懈薪邪,122,f
袪邪褏屑邪褌褍谢谢芯,122,m
袛芯褉卸芯,122,m
袗胁械薪懈褉,122,m
袙邪泻懈谢,122,m
袦褍谢谢邪薪褍褉,122,m
肖谢褍薪,122,m
袗褏褋邪褉,121,m
袪邪褍褎邪,121,f
袗谢褜褎懈蟹邪,121,f
袪邪屑懈谢邪,121,f
肖褝薪,121,m
袠谢褜褋械褟褉,121,f
袛卸邪褏邪薪谐懈褉,121,m
孝褍泄邪邪褉邪,121,f
袙懈褋褏邪薪,121,m
袞邪屑邪谢,121,m
袪械胁邪谢褜,121,m
袪邪褎谐邪褌,121,m
袗褉卸邪邪薪邪,121,f
协谢械薪邪,120,f
肖邪泄蟹褍谢谢邪,120,m
袗泻谢懈屑邪,120,f
袧邪褋懈屑懈,120,m
袚褍谢褜卸邪薪,120,f
肖邪泄褉褍蟹,120,m
袟械薪褎懈褉邪,120,f
袛卸褍屑斜械褉,120,m
袠谐芯褉褋,120,m
袗薪胁褟褉,120,m
袠屑邪屑,120,m
袧邪蟹懈褎邪,120,f
袚械褉邪,120,f
袗褉卸邪薪,120,m
袣邪褉谢芯,120,m
袘邪褟褉,120,m
袪褟褕懈写,120,m
小械褉械谐械泄,120,m
袗褏褌邪屑,119,m
袦邪褉写邪薪,119,m
袟邪褍褉斜懈泄,119,m
袪芯屑邪,119,f
楔邪谢懈泻芯,119,m
笑褘褑褘谐屑邪,119,f
袦懈薪懈谐褍谢褜,119,f
携屑懈谢褜,119,m
袝褉斜芯谢,119,m
袙懈泻褌芯褉懈薪邪,119,f
肖邪薪薪褍褉,119,m
肖邪褉写邪薪邪,119,f
袚邪谢械泄,119,m
袟邪褉褉懈薪邪,118,f
袪邪屑懈,118,u
袘械泻蟹芯写,118,m
袣邪屑邪谢写懈薪,118,m
孝械屑懈褉褏邪薪,118,m
小邪泄锌褍写懈薪,118,m
啸褘蟹褘褉,118,m
袦邪薪蟹褍褉邪,118,f
小邪泄谐懈写,118,m
袗谢懈谢,118,m
小邪褉写芯褉,118,m
袪械薪邪写,118,m
啸邪薪懈褎邪,118,f
袪邪谐懈斜,118,m
楔邪褉邪锌褍褌写懈薪,118,m
肖懈写褍褋,118,m
袗泄蟹邪,118,f
袨屑邪褉谐邪写卸懈,118,m
袪邪卸邪锌,118,m
小邪褟写,117,m
袗谢械褋泻械褉,117,m
小邪斜褉懈薪邪,117,f
袦邪薪芯谢懈褋,117,m
袘邪褏屑邪薪,117,m
袦褍褕胁懈谐,117,m
袙邪薪芯,117,m
袧邪褎懈褋褟,117,f
袗薪胁邪褉斜械泻,117,m
校褋懈泻,117,m
袙邪谐懈写,117,m
孝芯懈褌邪,117,f
肖谢芯褉懈褌,117,m
袟邪泄薪褍褌写懈薪,117,m
孝邪芯,117,u
袚械薪褉懈,117,m
袙谢邪写邪褋,117,m
袪懈薪褔懈薪,117,m
袧懈泻芯谢褜,116,f
啸邪褌懈褉邪,116,f
啸邪卸屑褍褉邪褌,116,m
袪褍褋褌邪屑卸芯薪,116,m
袚邪谢懈泄,116,m
袗褋泻械褉斜懈泄,116,m
袪褟褕懈写褟,116,f
挟谢写邪褕,116,m
小邪泄褏邪薪,116,m
袚邪泄薪褍谢谢邪,116,m
袦邪谐芯屑械写褏邪薪,116,m
啸邪褋褟薪,116,m
肖懈谢懈锌,116,m
袗谢褜谐懈褋,116,m
袧邪薪懈,116,f
袧懈谢邪,116,m
袪芯斜械褉褌芯,116,m
袗谢械泻褋薪写褉,116,m
肖邪褉懈蟹邪褌,115,f
袪懈谐懈薪邪,115,f
袗褎懈薪邪,115,f
啸邪褉谢邪屑锌懈泄,115,m
袣褍邪薪褘褕,115,m
袗褉褏懈锌,115,m
袚械谢褜褎懈褟,115,f
袛卸邪屑褕懈写,115,m
袝谢谐褍写卸邪,115,m
袘械薪懈泻,115,m
袦邪谐芯屑械写邪褉懈锌,115,m
袥械褉懈,114,m
袦邪泄褋邪褉邪,114,f
袪懈写胁邪薪,114,m
袚褍蟹褟谢,114,f
袧邪褌邪谢懈,114,f
楔褌械褎邪薪,114,m
袗屑械褉褏邪薪,114,m
袧芯写懈褉邪,114,f
袦懈谢芯褕,114,m
校屑褟褉,114,m
袗泄褏邪薪,114,m
袧褕邪薪,114,m
袥邪斜邪蟹邪薪,114,m
肖邪谐懈屑邪,114,f
袦邪褔褉邪懈谢,114,m
袝谐邪薪邪,113,f
啸邪斜懈斜褍谢邪,113,m
袗写褏邪屑,113,m
袙谢邪写懈谢械薪邪,113,f
袟械泄薪邪谢,113,m
携褏懈褟,113,m
孝械褉械薪褌懈泄,113,m
袟邪屑邪薪,113,m
孝褏邪薪褜,113,u
袪懈薪邪褌邪,113,f
袪芯谢邪薪写懈,113,m
袧褜褍褉谐褍薪,113,m
袟懈褟写,113,m
袧懈蟹邪屑,113,m
袘邪谐懈褉,113,m
袗谢褜谐懈褉写邪褋,113,m
袦懈褉邪褌,113,m
袛卸褍蟹械锌锌械,113,m
袗谢械泻邪薪写褉,113,m
袦褍褉邪蟹,112,m
袛褝胁懈写,112,u
袗薪胁邪褉卸芯薪,112,m
袦褍褏懈写写懈薪,112,m
孝邪屑懈谢谢邪,112,f
袗褟,112,f
袗谢褌邪泄,112,m
挟薪懈褋,112,m
小邪锌邪褉,112,m
袘懈斜懈谐褍谢褜,112,f
携薪褍褕,112,m
小邪胁邪褉斜械泻,112,m
袗褎谢邪褌褍薪,112,m
袣邪屑邪谢褍褌写懈薪,112,m
袪邪褎褏邪褌,112,m
袗褏褋邪薪,112,m
袚械薪褉懈褝褌褌邪,112,f
袗谢械泻褋邪薪褉,112,m
袛屑懈褌懈褉懈泄,112,m
袚褍谢屑懈褉邪,111,f
袦械谢邪薪懈褟,111,f
袨褋懈锌,111,m
袦邪褉邪谢,111,f
小褍褉懈褟,111,f
啸邪蟹褉械褌邪谢懈,111,m
袦邪胁谢懈写邪,111,f
袦邪褉褜褟,111,m
啸褍褋邪薪,111,m
袦邪卸懈写,111,m
啸邪谢懈写褟,111,f
袦邪谐邪褉邪屑,111,m
袧懈谢褜,111,m
啸邪褉懈褌芯薪,111,m
袪懈薪邪蟹,111,m
小邪谢邪褍写懈薪,111,m
袚邪褉芯谢褜写,111,m
袗蟹谐邪褉,111,m
小谢芯斜芯写邪薪,111,m
校褋械懈薪,110,m
袘邪褏褉懈写写懈薪,110,m
袙邪褎邪,110,m
肖邪褌懈屑械褌,110,f
袗斜写褍谢屑邪谢懈泻,110,m
袧邪懈谢邪,110,f
袛芯薪邪褉邪,110,f
袞邪胁写邪褌,110,m
孝褍褉锌邪谢-袗谢懈,110,m
孝邪斜褉懈褋,110,m
肖械写芯褋懈褟,110,f
肖邪写斜懈褉,110,m
袝褉泻懈薪写卸写芯薪,110,m
袨褉懈褎,109,m
袗斜斜褟褋,109,m
袗褏屑械褌褏邪薪,109,m
袛邪褍褉,109,m
啸邪斜懈斜褍谢谢芯,109,m
笑蟹懈薪,109,u
袦懈褉邪谢懈,109,m
袠芯邪薪薪懈褋,109,m
协褉懈褏,109,m
孝邪褌邪褜褟薪邪,109,f
袪邪斜邪蟹邪薪,108,m
袗谢懈褋褍谢褌邪薪,108,m
袥邪褔懈薪,108,m
携褏懈褌邪,108,f
小褍谢懈泻芯,108,f
袘芯褌懈褉,108,m
小邪薪卸邪褉斜械泻,108,m
小胁械褌邪,108,f
肖邪褉褏芯写卸芯薪,108,m
袟胁懈邪写,108,m
袝褉械屑,108,m
挟薪芯薪邪,108,f
袠薪蟹懈谢褟,108,f
袙邪薪褟,108,m
袗写邪谢械褌,108,m
袦邪褏邪斜斜邪褌,108,m
肖褉懈写芯薪,108,m
袛邪褟薪邪,108,f
袗谢褜褎懈褌,108,m
小邪泄写邪褕,108,m
袡芯蟹械褎,108,m
袧邪懈屑写卸芯薪,107,m
袗屑懈谢,107,m
袦邪泄褋邪褉邪褌,107,f
袠芯邪薪薪,107,m
袛卸邪屑懈谢邪,107,f
小邪屑械褉,107,u
袦邪褉泻褋,107,m
袗薪懈褟,107,f
袗屑邪蟹邪褋锌,107,m
袘械褌邪谢,107,m
袥邪褉邪,107,f
袚褍谢褜薪懈褋邪,107,f
笑械褉械薪,107,m
袘褉褍薪芯,107,m
袣邪写懈屑,107,m
袙邪褔械,107,u
袙邪谢械褉懈褟薪,107,m
小邪泄褎褍谢谢邪,107,m
袪邪褏懈屑卸邪薪,107,m
袠谢薪邪褉,107,m
袠写械褟,107,f
袪懈斜褏邪褌,107,m
协谢胁懈薪,106,m
小邪褉胁邪薪,106,m
小邪斜懈褉卸邪薪,106,m
肖邪泄蟹褍谢谢芯,106,m
袗斜写褍谢屑邪卸懈写,106,m
孝芯谢懈斜,106,m
袚褍谢褜薪邪蟹懈褉邪,106,f
袧邪褎懈褋械褌,106,f
袗谢斜械褉褌,106,m
袪邪懈褋懈褟,106,f
肖邪懈屑邪,106,f
袦邪胁谢褞写邪,106,f
袛卸邪褍写邪褌,106,m
袗褋泻芯谢褜写,106,m
袣褍褉邪屑邪谐芯屑械写,106,m
啸褟写懈,106,f
袙谢邪写,106,m
袠蟹褉邪懈谢,106,m
小邪褎懈褍谢谢邪,106,m
啸懈泻屑邪褌,105,m
小邪屑懈,105,m
袣芯屑懈谢写卸芯薪,105,m
校蟹械懈褉,105,m
袠谐芯褉,105,m
肖谢邪褉懈褋,105,m
袠褉褝薪,105,f
袦懈薪褍谢谢邪,105,m
袗蟹薪懈胁,105,m
袩邪胁谢懈泻,105,m
协屑蟹邪褉,105,m
袚褞蟹褟谢褜,105,f
袪邪褗薪芯,105,f
袚邪斜写褍谢褏邪泄,105,m
小邪薪写褉芯,105,m
袚褞薪写褍蟹,105,m
袪邪泄薪褍褉,105,m
袪懈褎邪褌褜,105,m
袗薪写褉械,105,m
袗谐褉懈锌锌懈薪邪,105,f
笑蟹械,105,u
袦邪褉懈褎,104,m
袗屑懈褉斜械泻,104,m
袩邪褉谐械胁,104,m
袗谢械泻斜械褉,104,m
袦邪褉械泻,104,m
孝懈褌邪谢,104,m
袪邪屑蟹懈,104,m
袦褍褉褕懈写邪,104,f
楔芯谢锌邪薪,104,f
啸邪薪,104,m
袣芯屑懈谢卸芯薪,104,m
袧褍褉卸邪屑邪谢,104,f
袦邪褌械胁芯褋,104,m
袗谢械胁褌懈薪,104,m
袗谢谢邪薪,104,m
袟邪褏邪褉懈泄,104,m
袛屑懈褌褉懈,104,m
袣械褋褌褍褌懈褋,104,m
袗谢械褋泻邪薪写褉,104,m
楔芯褏褉邪褌,103,m
袗斜写褍褋邪屑邪写,103,m
小邪薪写卸懈,103,m
袣褍褉屑邪薪,103,m
袟懈薪薪邪褌,103,m
袗斜写褍谢泻邪褉懈屑,103,m
袦褍褏邪屑屑邪写卸芯薪,103,m
协谢褜薪褍褉邪,103,f
袦邪褋褍写,103,m
袗薪写卸械谢懈泻邪,103,f
孝邪屑懈褉,103,m
小懈褉械薪褜,103,m
袦邪懈谢,103,m
袠蟹褉邪懈谢褜,103,m
小懈写褉邪褌,103,f
袙邪蟹懈褏,103,m
袞邪斜褉邪懈谢,103,m
袦邪褋褏褍写,103,m
袦械褌懈薪,103,m
袦褍褏邪卸懈褉,103,m
袙懈谢谢懈,102,m
肖械胁蟹懈,102,m
袪褍蟹邪薪,102,m
袪芯写懈泻邪,102,f
小邪邪写邪褌,102,f
携胁械褉,102,m
袧褍褋褉邪褌,102,m
袦邪褉褍褋褟,102,f
袦褍褏邪屑屑邪褌,102,m
袞邪褋褍褉斜械泻,102,m
啸邪薪懈褟,102,f
啸邪褟谢邪,102,f
小械褉芯锌,102,m
袧褍褉谐邪蟹褘,102,m
袦邪褏屑邪写邪谢懈,102,m
袧邪薪褍谢懈,102,f
袗谢械褎褌懈薪,102,m
袙懈褌邪谢懈械,102,m
袣邪屑械褌邪,102,f
袟褍斜邪泄写邪,102,f
袠谢懈薪邪,102,m
袧邪谐邪褕斜邪泄,102,m
袗薪邪,101,f
小邪写褉懈写写懈薪,101,m
袗谢褏邪褋,101,m
校屑褍泻褍褋褍屑,101,f
袦褍褉褌褍蟹邪谢懈,101,m
袗谢褜斜械褉褌芯,101,u
袦邪懈褋邪,101,f
孝邪斜褉懈蟹,101,m
肖谢邪褉懈写,101,m
袗褉屑懈薪褝,101,f
袨屑褍褉斜械泻,101,m
袠写械谢褜,101,m
孝械屑褍褉斜械泻,101,m
袦懈褏邪谢,101,m
袣邪褉邪屑,101,m
袗写谐邪屑,101,m
袗谢械泻褋械薪写褉,101,m
孝芯屑邪褕,101,m
袦懈薪懈邪褏屑械褌,101,m
袙写邪写懈屑懈褉,101,m
袛卸褍谢械褌邪,100,f
袗胁邪谐,100,m
袧邪褏懈写,100,m
袟邪褉懈锌邪褌,100,f
袗泄蟹邪薪邪褌,100,f
袦懈褔懈谢,100,m
袛懈谢邪褎褉褍蟹,100,f
协泻邪,100,f
袗屑懈薪褟,100,f
袧懈泻芯谢芯蟹,99,m
袪褍褋邪谢懈薪邪,99,f
袧邪蟹谐褍谢,99,f
啸邪写懈褔邪,99,f
笑芯胁懈薪邪褉,99,f
袪褍斜懈薪邪,99,f
楔邪屑褋褍褌写懈薪,99,m
袛卸械薪薪械褌,99,f
袣邪屑芯谢懈写写懈薪,99,m
孝芯褌褉邪蟹,99,m
袘邪褉懈褋,99,m
袗泻褋邪薪,99,m
袦邪泄褉邪,99,f
袗薪蟹邪褍褉,99,m
袗写懈褋,99,m
袚邪斜懈斜褍谢谢邪,99,m
袦邪邪褉懈褎,99,m
袦懈褉邪薪,99,m
袗谐谢褟屑,99,m
袙械褔械褋谢邪胁,99,m
袦懈薪薪褍褉,99,m
袗斜褍斜邪泻懈褉,99,m
袚邪褟薪,99,m
袛邪屑写懈薪,99,m
小邪褉褉邪,99,f
小褘谢写褘褋,99,m
袚懈褉懈褏邪薪,99,m
袥褞斜邪胁邪,98,f
袚懈谢邪薪懈,98,m
小邪褏懈谢,98,m
袗褍斜械泻懈褉,98,m
袙褍褋邪谢邪,98,f
袞邪褋褍褉,98,m
袦懈泻邪褝谢褜,98,m
肖谢邪褉懈写邪,98,f
啸芯薪谐芯褉,98,m
袗褋褌谐懈泻,98,f
袛懈谢斜邪褉,98,m
袟邪褉谐邪薪,98,f
小褍谢褍屑斜械泻,98,m
袨谢褟,98,f
孝懈屑械褉褜褟薪,98,m
袥褞褋褜械薪邪,98,f
袣邪蟹懈屑邪谐芯屑械写,98,m
袥械芯,98,m
袦邪谐芯屑械写褕邪褉懈锌,98,m
袙邪谢邪写懈屑懈褉,98,m
楔懈褉邪蟹,97,m
袗褏褉芯褉,97,m
袪邪懈蟹邪,97,f
孝褍褉邪薪,97,u
袗谢褌褘薪,97,m
袗泄褋,97,m
袛屑懈褌褉懈泄褋,97,m
袧懈薪褝谢褜,97,f
袥懈薪褜,97,u
袣褋械薪褜褟,97,f
啸邪薪锌邪褕邪,97,m
袦邪泻褋邪褌斜械泻,97,m
袘邪谢褜卸懈薪懈屑邪,97,m
袘褞谢械薪褌,97,m
孝械屑懈褉斜械泻,97,m
协薪谐械谢褜,97,m
袟邪泻懈泄,97,m
肖邪懈屑,97,m
校褋褌懈薪褜褟,97,f
肖邪薪,97,m
啸邪泄写褟褉,96,m
袞褍屑邪谐褍谢,96,m
协写屑芯薪,96,m
肖械褉褍蟹,96,m
袥懈锌邪褉懈褌,96,m
袣褟褉邪屑,96,m
袪邪薪懈谢褜,96,m
袘械卸邪薪,96,m
袦械谢邪薪褟,96,f
袗褏邪写,96,m
啸邪泄,96,m
袦懈谢邪写邪,96,f
袝胁褋褌邪褎懈泄,96,m
袗锌芯谢谢芯薪,96,m
肖邪写懈褋,96,m
袦邪谐芯屑械写邪屑懈薪,96,m
袗褌谢邪褋,96,m
袙邪谢械薪懈褌懈薪邪,96,f
袚褍泻邪褋,95,m
袗泄褋械谢褜,95,f
小褍褋邪薪,95,f
袧邪褌芯,95,f
袟邪懈褉斜械泻,95,m
协薪褉懈泻芯,95,m
袗褉邪泻械谢,95,m
小懈褉懈薪邪,95,f
协写屑芯薪写,95,m
肖谢懈写邪,95,f
携褉邪谐懈,95,m
袪邪蟹械褌,95,f
袘邪褟蟹懈褌,95,m
袣邪屑芯谢,95,m
袝褎褉芯褋懈薪懈褟,95,f
袧邪褋懈褏,95,m
袘械褋懈泻懈,95,m
袗屑谐邪谢邪薪,95,m
袪邪褎械泻,95,m
袠芯薪邪褋,95,m
袧谐芯泻,95,u
袗褋懈械褌,95,f
小械褉卸,95,m
袪械胁邪蟹懈,94,m
袧芯写懈褉,94,m
肖邪褏褉懈,94,m
协褏褌懈褉邪屑,94,m
袗斜写褍泻邪褉懈屑,94,m
楔邪褏斜芯蟹,94,m
啸邪薪褍屑,94,f
袥懈写卸懈,94,m
啸邪谢懈褋,94,m
啸褍褋械懈薪,94,m
小邪谢邪褏,94,m
小械胁邪褋褌褜褟薪,94,m
小邪谢懈褟,94,f
协写谐邪褉写,94,m
楔邪谐懈褌,94,m
袘邪谐邪胁写懈薪,94,m
协写屑褍薪写,94,m
袦邪薪械褎邪,94,f
袦懈薪泻邪懈谢,94,m
袛芯谢谐芯褉,94,f
孝邪懈褉邪,94,f
小邪谐懈写邪,94,f
袦懈谢懈褌懈薪邪,94,f
袗写褉械泄,94,m
袗谐邪,93,m
袙邪褏褌邪薪谐懈,93,m
效褘薪谐褘蟹,93,m
袧邪卸屑褍褌写懈薪,93,m
袦褍褏邪褉斜懈泄,93,m
肖邪泄蟹褉邪褏屑邪薪,93,m
肖邪薪懈褌,93,m
袪邪蟹褟锌,93,m
袗褉薪芯,93,m
袚邪斜斜邪褋,93,m
袪懈屑邪薪褌邪褋,93,m
校谢褜胁懈褟,93,f
袛褍谐邪褉,93,m
袥械芯薪懈写邪,93,f
袗谢屑邪谐褍谢褜,93,f
袟邪斜懈褌,93,m
啸邪泄褟屑,93,m
袣邪泄,93,m
小械褉泻邪薪,93,m
袟懈薪褎懈褉,93,m
袗写懈锌,93,m
袗谢懈屑锌懈邪写邪,93,f
孝邪谐蟹懈屑邪,93,f
袗谢械褋械泄,93,m
肖懈写邪薪懈褟,92,f
袛卸邪褎械褉,92,m
袦褝褝褉懈屑,92,f
袧胁邪褉写,92,f
袗褋褏邪写,92,m
袗泄薪写懈,92,m
袗胁邪蟹斜械泻,92,m
袦褍褏邪屑邪写,92,m
袨写懈谢卸芯薪,92,m
协谢薪褍褉,92,m
袪邪屑懈薪邪,92,f
袗谐邪褎懈褟,92,f
袗屑邪薪卸芯谢,92,m
袚褍谢褜褎懈薪邪,92,f
袩褍谢邪褌,92,m
啸邪褌懈屑邪褌,92,f
袞褘褉谐邪谢斜械泻,92,m
袦械谢懈薪械,92,f
携谐褎邪褉,92,m
袦懈谢械褍褕邪,92,f
袙邪蟹褘褏,92,m
袠谢褜谐懈褋,92,m
袪邪懈屑,91,m
啸褍褋褋械泄薪,91,u
小邪褉写芯褉斜械泻,91,m
小懈褟胁褍褕,91,m
袘邪写褉褍褌写懈薪,91,m
校斜邪泄写褍谢谢芯,91,m
袪褍蟹懈褟,91,f
袗锌芯谢谢懈薪邪褉懈褟,91,f
小械胁邪写邪,91,m
袧邪褋褉褍谢邪,91,m
孝邪写械胁芯褋,91,m
袚褍蟹褟谢懈褟,91,f
袗褏谢懈写写懈薪,91,m
袦褍褉褌褍蟹,91,m
袠屑邪写,91,u
袥褟泄褋褟薪,91,f
袧邪褋褌邪褋褜褟,91,f
袛褍屑懈褌褉褍,91,m
袟邪泄薪写懈,91,m
楔邪褎泻邪褌,91,m
协谢懈褋芯,91,f
袧邪写懈褉邪,91,f
袣邪褏褉邪屑邪薪,91,m
袦邪胁谢懈褌,91,m
小邪蟹懈写邪,91,f
袗斜褍谢褜褎邪褌,91,m
袚芯谐懈,91,m
袙懈谢,91,m
袪邪褏懈屑蟹褟薪,91,m
袦械褔懈褋谢邪胁,91,m
袧褍褉蟹懈写邪,91,f
楔.,91,m
袚邪斜写褍谢邪褏邪褌,91,m
袗谢泻褋邪薪写褉,91,m
袗褏褌械屑,90,m
楔芯谐懈泻,90,f
袗褉邪泻褋褟,90,f
小械褉邪卸褍褌写懈薪,90,m
袦邪谐芯屑械写蟹邪谐懈写,90,m
袙邪褉谢邪屑,90,m
袦邪褏邪斜邪褌,90,m
袞械薪懈褕斜械泻,90,m
袠褋屑邪谐懈谢褜,90,m
袪邪褎懈谐邪,90,f
袠斜褉邪谐懈屑褏邪谢懈谢,90,m
肖邪蟹邪懈谢,90,m
袧褍褉褍写懈薪,90,m
袗褋褎邪褉,90,m
啸褍褉褕懈写,90,m
袥懈邪,90,f
袥械胁懈泻,90,m
袠褏褌懈褟褉,90,m
袗泄写懈薪,90,m
袗屑邪薪褌邪泄,90,m
袞邪褋谢邪薪,90,m
袪邪屑蟹懈谢,90,m
袗蟹懈蟹卸芯薪,90,m
袦邪谐芯屑械写泻邪屑懈谢,90,m
袘邪谐邪胁褍写懈薪,90,m
袠薪写褍褋,90,m
袘邪褉褘泄,90,m
H邪写械卸写邪,90,f
袦械谢邪薪褜褟,89,f
啸褍褕斜邪褏褌,89,m
袙懈褌邪谢懈,89,m
啸邪谢懈谐,89,u
小邪斜懈褉褜褟薪,89,m
袘邪褏褌芯胁邪褉,89,m
袚邪写械谢褜,89,m
孝邪谐褍懈,89,f
袗斜写褍胁邪谢懈,89,u
袥芯谐屑邪薪,89,m
小械胁邪褉邪,89,f
啸邪褋邪薪斜懈泄,89,m
袥芯褉械褌邪,89,f
袦芯褌褉械薪邪,89,f
袠屑邪屑褍褌写懈薪,89,m
袣邪褍褋邪褉懈褟,89,f
袗泄谐懈蟹,89,m
袦邪薪邪褋,89,m
袚邪褉懈褎,89,m
袧械泄谢褟,89,f
袗斜写褉邪褏屑邪薪,89,m
袚懈谐谢邪,89,m
楔械薪薪械,89,f
小邪泄写邪谢懈,88,m
袗薪懈褋邪褌,88,f
袪邪写卸懈胁,88,u
袦邪胁卸褍写邪,88,f
袘邪褏褉芯屑卸芯薪,88,m
效懈屑懈褌,88,m
笑邪谐邪薪,88,f
袦邪写卸懈褌,88,m
袙械褉邪薪懈泻邪,88,f
袛卸邪薪谐懈褉,88,m
袗褉屑懈泻,88,m
袛邪薪懈械谢褜,88,m
袚械褉芯谢褜写,88,m
协褎械薪写懈,88,m
孝邪褍褎懈泻,88,m
小邪谢懈褏蟹褟薪,88,m
袦褍褏屑邪写,88,m
袙懈谢懈褟,88,f
肖懈褉写邪薪懈褟,88,f
小邪褍谢褞褋,88,m
袧邪褍褉褍蟹,88,m
袚芯褉褏屑邪蟹,87,m
袪邪泄褋邪褌,87,f
袣邪写懈,87,m
袙懈泻邪,87,f
袗褏谢懈屑邪薪,87,m
袦邪写芯薪邪,87,f
袚芯褕谐邪褉,87,m
协谢褜褋械胁邪褉,87,m
小邪屑邪薪写邪褉,87,m
袚械谢懈褟,87,f
袦邪褏斜褍斜邪,87,f
袙械褋褌邪,87,f
袙懈谢芯褉懈泄,87,m
袧邪褉懈薪邪,87,f
袙褉邪屑,87,m
袩邪薪邪褏,87,m
袣褍邪薪谐,87,u
袠谢褜谐懈蟹褟褉,87,m
肖褉邪薪褔械褋泻芯,87,m
袠薪械褋邪,87,f
袪邪蟹懈谢,87,m
啸邪屑写懈褟,87,f
袩芯谢懈泻邪褉锌,87,m
袦懈谢褟胁褕邪,87,f
小邪斜褉懈,87,m
小邪谐懈写褍谢谢邪,87,m
袙谢邪写懈屑懈褉褋,87,m
袟邪屑懈谢褜,87,m
校谢褍泻斜械泻,86,m
袦邪薪褟,86,f
袦褍褉褌邪蟹邪,86,m
袚褍写褉邪褌,86,m
校褉邪薪,86,f
携褕邪,86,m
袧褍薪褝,86,f
袙谢邪写懈屑械褉,86,m
袛邪薪邪褉邪,86,f
袗薪薪械褌邪,86,f
袗谐邪褋懈薪,86,m
袗泄蟹邪薪,86,f
协薪谐械谢褜褋懈薪邪,86,f
袠谢褟褋,86,m
袦邪泻邪,86,f
袛褍褕邪薪,86,m
孝芯褉薪懈泻械,86,m
袦邪薪褍褝谢褜,86,m
袪懈薪邪褋,86,m
袪邪褋褌邪屑,86,m
袗谢械泻褋械泄褋,86,m
袦褉邪蟹,85,m
啸懈泻屑邪褌褍谢谢芯,85,m
袧邪褉邪,85,f
袦邪谢懈泻邪褌,85,f
袣褟屑褉邪薪,85,m
袪邪蟹懈屑邪,85,f
楔懈褉蟹邪写,85,m
袛邪褍褉械薪,85,m
袦邪胁谢械褌,85,m
袗泄褌邪薪,85,f
携薪械泻,85,m
袧褍褉-袦邪谐芯屑械写,85,m
袚褞谢褜薪邪蟹,85,f
袩邪褌褉懈泻,85,m
袗蟹邪褉,85,m
袪邪泻懈褟,85,f
袟褍褎褟褉,85,m
袣邪写褘褉斜械泻,85,m
袥懈薪褍褉,85,m
袩邪薪褌械谢械泄屑芯薪,85,m
袧褍泻褉懈,85,m
袙谢邪褋褌邪,85,f
协谢懈,85,f
袞褍屑邪斜邪泄,85,m
楔邪褏褉褍写懈薪,85,m
啸邪褋邪薪斜械泻,85,m
效邪薪,85,m
袗泻邪泻懈,84,m
袦褍褉邪写褏邪薪,84,m
袞邪薪褘斜械泻,84,m
袛邪褉械写卸邪薪,84,f
袗写邪谢褜斜懈,84,m
袦邪谐芯屑械褌-袘邪褕懈褉,84,m
袛卸褍褉邪斜械泻,84,m
协褉邪,84,f
袦褍褏邪屑屑邪写邪谢懈,84,m
袦褍褉褋邪谢,84,m
袨胁邪薪薪械褋,84,m
袚械褉谐懈泄,84,m
袝褉斜褍谢邪褌,84,m
袧邪褎褋械褌,84,f
袗斜褉芯褉,84,m
小邪褌褌邪褉,84,m
小邪褎褍褉邪,84,f
袧邪褉屑懈薪邪,84,f
袗褉邪褋褌褍薪,84,m
小邪泄锌褍谢邪,84,m
肖懈蟹邪谢懈褟,84,f
袦邪谢泻邪薪,84,f
袘邪褍写懈薪,84,m
啸褍褋懈薪,84,m
袣褞褉懈,84,m
袞褘谢写褘蟹,84,f
袛懈谢褜褕芯写,84,m
协谢褕邪写,84,m
袘邪褏邪写懈褉,84,m
袧懈屑邪,84,m
袗褌邪斜械泻,84,m
袠谢褜褏芯屑,84,m
啸邪褋邪薪斜芯泄,84,m
袟邪薪褎懈褉邪,84,f
袩械谢芯谐械褟,84,f
袧邪斜懈谐褍谢邪,84,m
袦懈褉,84,m
袦械薪,84,u
小褍邪薪,84,u
袛芯薪写芯泻,84,m
小邪谢懈屑卸邪薪,84,m
袛褍褉褋褍薪,84,m
挟蟹械褎,84,m
袗褍褉械谢懈褟,83,f
袘械泻褋褍谢褌邪薪,83,m
袗谢懈屑械,83,f
袗蟹邪褉懈泄,83,m
袣褍屑褋懈褟褌,83,f
袞邪薪邪褉,83,u
袠泻褉芯屑卸芯薪,83,m
啸邪斜懈谢,83,m
袦邪褉褔械谢,83,m
小邪懈写邪褌,83,f
袧邪褋褉褍写懈薪,83,m
袪褞褉懈泻,83,m
啸邪褌懈屑邪,83,f
袚褍谢蟹邪褌,83,f
袠斜褉邪懈屑,83,m
楔邪褏屑邪褉,83,m
袘械谢械泻,83,m
袛邪谐屑邪褉邪,83,f
袪褍蟹邪,83,f
袝褉泻懈薪,83,m
袚邪薪懈,83,m
袛邪谢懈,83,f
袥褞邪蟹邪,83,f
袛邪褉懈谐邪,83,f
袘械褏蟹芯写,83,m
袥邪写芯,83,m
袙邪薪褍褕,83,m
袧懈泻芯谢邪褋,83,m
袗褕邪褌,83,m
肖邪薪懈褉,83,m
袪芯褋褌褟屑,83,m
袦懈褉褏邪褌,83,m
楔芯薪褔邪谢邪泄,83,f
袛邪褉褞褋,83,u
小邪芯写邪褌,82,f
袗斜写褍谢邪褏,82,m
小邪泄谐懈斜邪褌,82,f
袣邪褉屑械薪,82,m
袥邪褉懈薪邪,82,f
楔芯懈褉邪,82,f
袟芯泻懈褉,82,m
袩邪褉胁邪薪邪,82,f
袛邪褕谐褘薪,82,m
袛懈谢褜褕邪褌,82,m
袟邪屑懈薪,82,m
袗谢屑邪,82,f
袛卸褍谢懈褟,82,f
袦邪谐懈褉邪,82,f
袪邪褋懈谢,82,m
协谢懈芯薪芯褉邪,82,f
袗褉懈锌,82,m
小邪邪写褍谢邪,82,m
袥械芯锌芯谢褜写,82,m
袚懈薪褌邪褉邪褋,82,m
袙懈褌邪褋,82,m
袦懈谢褟,82,f
小邪谢懈屑褜褟薪,82,m
效械泄薪械褕,82,f
袗泄谢邪薪屑邪邪,82,f
袣邪褉邪谢褜斜懈,82,m
小械谐械泄,82,m
H懈薪邪,82,f
协谢屑褍褉芯写,81,m
袪邪泄谐邪薪邪褌,81,f
袗泻褉邪屑卸芯薪,81,m
袗褋褌邪薪,81,m
袗斜谐邪褉,81,m
校屑邪褉斜械泻,81,m
袛懈谢褕芯写邪,81,f
袗褎褌邪薪写懈谢,81,m
袠谢邪褉懈芯薪,81,m
袚邪锌褍褉,81,m
袧褍褏,81,m
孝邪褉褏邪薪,81,m
袦邪褏褋褍写,81,m
袗谢械褋褜,81,m
袚褝褉褝谢屑邪,81,f
袛械褟薪,81,u
袧懈泻芯谢邪械,81,m
袗写邪谢褟褌,81,m
小邪泄屑邪,81,f
袛卸芯褉写卸,81,m
袟邪胁写邪褌,81,m
袪邪蟹懈褌,81,m
袧邪蟹懈斜,81,m
协薪谐械谢褜褋,81,m
袝胁褋褌芯谢懈褟,81,f
袚懈褋邪,81,m
啸邪薪褟褎懈,81,m
袗谢械褋褋邪薪写褉芯,81,u
袩懈褌械褉,81,m
袧褍褉谐褍谢褜,80,f
楔邪褏谢芯,80,f
孝邪卸褍褌写懈薪,80,m
袗谢邪,80,f
袥褞写胁懈泻,80,m
挟褋褍褎写卸芯薪,80,m
楔褍褏褉邪褌卸芯薪,80,m
袦邪褉懈泻,80,m
袣薪褟蟹,80,m
协褉邪写卸,80,m
袗褉褋褌邪薪,80,m
袙褉褍泄褉,80,m
袦邪褉懈,80,m
袛械屑械薪褌懈泄,80,m
袗泄卸邪屑邪谢,80,f
袠褋褉芯懈谢,80,m
效褘薪邪褉邪,80,f
袛褘泻,80,u
袚褍谢褜卸邪薪邪褌,80,f
袛蟹邪屑斜芯谢邪褌,80,m
袪邪泄屑芯薪写,80,m
袚邪屑蟹邪,80,m
袗屑褘褉,80,m
袝谢懈蟹芯胁械褌邪,80,f
袪芯屑邪蟹邪薪,80,m
袧褍褉褍褌写懈薪,80,m
袟懈薪懈褉邪,80,f
肖懈薪邪,80,f
袟邪褉懈褟,80,f
啸邪褋屑邪谐芯屑械写,80,m
袦邪褍谢懈褌褜褟薪,80,m
袗谢懈屑邪邪,80,f
袗卸写邪褉,79,m
袟邪谐褉邪褌,79,f
袙邪褉写懈褌械褉,79,f
袥邪泄褋邪薪,79,f
楔懈褉邪泻,79,m
协谢褜屑邪蟹,79,f
袗褉褌褞褕,79,m
协谢懈蟹斜邪褉,79,m
楔邪屑褋懈褟褌,79,f
袪褍胁懈屑,79,m
袧邪褌褝谢邪,79,f
袦邪褏褌懈,79,m
袠谢褜蟹懈褉邪,79,f
袪邪谐懈褎,79,m
袠蟹邪褌褍谢谢芯,79,m
袨胁邪泻懈屑,79,m
袗泄邪谢,79,m
楔邪褉懈褎邪,79,f
袗屑懈薪写卸芯薪,79,m
袪邪写卸邪斜邪谢懈,79,m
袟邪褉懈褟褌,79,f
袚邪褎邪褉,79,m
小褌褢锌邪,79,m
袗斜褉邪邪屑,79,m
袥芯屑邪谢懈,79,m
小械谐褉械泄,79,m
袦褍斜邪褉邪泻,79,m
肖邪褏褉邪写,79,m
袟褍谢邪泄褏邪,79,f
袪芯懈薪,79,m
袗谢懈褌邪,79,m
挟褉懈,79,m
袘褝谢懈泻褌芯,79,m
袧械褋褌芯褉,79,m
孝邪谐懈,78,m
袗薪懈褋懈屑,78,m
协泻褉械屑,78,m
袦邪褉蟹懈褟褌,78,f
楔褍褕邪薪,78,f
袠谢褜褎懈褉邪,78,f
袗谢芯胁褋邪褌,78,m
小褌邪褋懈褋,78,m
袗谐邪斜械泻,78,m
袪邪褏懈屑褜褟薪,78,m
袣邪褎懈褟,78,f
袛邪写邪褕,78,m
袗写懈谢斜械泻,78,m
袗谢褜褌邪褎,78,m
啸芯褋褉芯胁,78,m
袦褍褏褋懈薪,78,m
袥懈屑邪,78,f
袪邪斜懈褋,78,m
协屑蟹邪褉懈,78,m
袛卸邪薪,78,m
袚邪褕懈屑,78,m
袟邪斜懈褉邪,78,f
袩邪褍谢褜,78,m
袩械褌p,78,m
袗斜写褍褋邪谢芯屑,77,m
袟邪褉懈薪械,77,f
袗褍褉械谢,77,m
袪邪屑蟹械褋,77,m
肖械褉写懈薪邪薪褌,77,m
袗谢械泻锌械褉,77,m
袦懈褉泻芯,77,m
小邪泄褎褍谢谢芯,77,m
小懈褌芯褉邪,77,f
楔邪褏谢邪,77,f
袚邪泄褎褍谢谢邪,77,m
袗褉写邪褕,77,m
袚褉邪薪褍褕,77,f
袧邪褌懈褟,77,f
袘邪泻褍褉,77,u
效懈薪邪褉邪,77,f
袘邪泻褌褘谐褍谢,77,f
袛邪胁谢械褌,77,m
袧邪褋械褉,77,u
袣邪屑邪薪写邪褉,77,m
袚褍谢褜褋懈褟,77,f
袚械写懈屑懈薪邪褋,77,m
协屑懈薪邪,77,f
袦邪褌邪薪邪褌,77,u
小褍褏褉邪斜,77,m
袚褍谢褜褔械褏褉邪,77,f
袝薪芯泻,77,m
笑懈薪,77,u
携谢褔褘薪,77,m
袞懈褉邪褋谢邪薪,77,m
肖懈谢邪褉懈褌,77,m
肖械芯写芯褉,77,m
袚懈蟹邪褉,77,m
袚邪褉懈,77,m
袘褍胁邪泄褋邪褉,77,m
袪邪薪懈褎,77,m
小谢邪胁懈泄,77,m
袪邪胁懈写邪,77,f
袙邪谢懈褌,77,m
袦械薪谐懈,77,m
袪邪泄薪械褉,77,m
袚邪褉屑邪,77,m
袪邪泻懈锌,77,m
袘邪褌褘褉褏邪薪,77,m
袧懈泻芯谢邪泄褋,77,m
小邪屑邪写,76,m
袗谢懈褟褉,76,m
袗泄蟹邪写邪,76,f
啸邪褋斜褍谢邪褌,76,m
袗褎懈谐,76,m
袘邪蟹邪褉斜邪泄,76,m
孝邪薪褟,76,f
袦邪褉泻褍褋,76,m
肖邪屑懈谢褜,76,m
袛邪屑斜邪,76,m
楔褍泻褍褉,76,m
袧邪斜懈褍谢谢邪,76,m
袪邪蟹懈械褌,76,f
袗斜褍屑褍褋谢懈屑,76,m
袪芯屑邪薪懈,76,m
小胁械褌芯蟹邪褉,76,m
袘懈斜懈薪褍褉,76,f
啸邪蟹褉邪懈谢,76,m
袠谐斜邪谢,76,m
袚褍谢褜褋邪褉懈褟,76,f
啸邪写懈,76,m
袦邪谐芯屑械写蟹邪锌懈褉,76,m
孝褉懈褋褌邪薪,76,m
啸邪薪邪褎懈,76,m
袗泄谢邪薪,76,f
效芯泄谐邪薪屑邪邪,76,f
效邪褟薪,76,m
袗褏褗械写,76,m
孝褍谐邪薪,76,m
袛邪屑懈褉褟,75,f
袗褋谢懈写写懈薪,75,m
协褉薪械褋,75,m
袠谢褏芯屑写卸芯薪,75,m
啸邪懈屑,75,m
袗谢懈屑邪谐芯屑械写,75,m
袩邪褉胁懈薪,75,m
小褍屑斜邪褌,75,m
袠褋屑邪褌,75,m
小褍谢褌芯薪,75,m
袦懈褉蟹芯,75,m
小邪褎褍邪薪,75,m
袘邪褌邪,75,m
袚懈谢褟薪,75,f
袗薪褟,75,f
校谐褍褉,75,m
袪懈褎薪褍褉,75,m
袠薪褝褋褋邪,75,f
啸懈蟹邪褉,75,m
小邪泻械薪,75,m
小邪懈写斜械泻,75,m
袣邪谢懈屑褍谢谢邪,75,m
袦懈薪褋褘谢褍,75,f
小邪薪褋褘蟹斜邪泄,75,m
袛邪屑懈褉斜械泻,75,m
袧邪写卸邪褎,75,m
袛械谢褞褋,75,m
袧邪懈斜,75,m
啸邪屑械写,75,m
袧邪蟹懈斜邪,75,f
袦邪褉邪,75,m
袩邪褌懈薪邪,75,f
小邪褎邪褉斜懈泄,75,m
袚械芯褉谐懈芯褋,75,m
效懈薪褔懈,75,f
袗褋胁邪褌,75,m
袦邪p懈薪邪,75,f
袪芯褟谢,74,m
袘邪褉薪芯,74,f
袛懈芯薪懈褋懈泄,74,m
袨泻褌邪胁懈邪薪,74,m
袗谢褜屑邪,74,f
楔邪褏屑褍褉邪写,74,m
袚褞谢褜薪邪褉,74,f
袦褍屑懈薪,74,m
袗薪薪邪-袦邪褉懈褟,74,f
袦邪薪邪褎,74,m
袦邪泻懈褔,74,m
袙邪邪谐,74,m
孝械屑褍褉谢邪薪,74,m
袪芯蟹懈褟,74,f
协褉屑械泻,74,m
肖邪褌屑邪,74,f
袦褍褗屑懈薪邪褌,74,f
啸褍褋褉邪胁,74,u
袚褍谢邪屑,74,m
袝褉斜芯谢邪褌,74,m
小械薪懈泻,74,m
袗斜写褍谢屑邪薪邪锌,74,m
肖谢械褉,74,m
袛懈邪褋,74,m
袪褍蟹械谢褜,74,m
袧邪卸懈锌,74,m
袗谢械褕邪,74,m
袣褍芯泻,74,u
袛卸邪褋褍褉,74,m
袞邪褍写邪褌,74,m
协写谐邪褉褋,74,m
袟邪谐懈写褍谢谢邪,74,m
袗谢褜褎懈写邪,73,f
袠斜芯写褍谢谢芯,73,m
袚褞谢薪邪褉邪,73,f
小褞蟹邪薪邪,73,f
袪械泄褏邪薪,73,u
袛卸邪薪斜褍谢邪褌,73,m
袩邪泄谢邪泻,73,m
袪邪褋褘褏,73,m
小邪泄褢褉邪,73,f
袗薪懈褍邪褉,73,m
袥械薪懈械,73,f
携褋芯薪,73,m
袥褞褋懈褟,73,f
笑褘褑褘泻,73,f
袗褉屑懈写邪,73,f
袪械褕懈褌,73,m
楔芯褉械薪邪,73,f
袥械胁邪薪懈,73,m
袗薪蟹芯褉懈,73,m
袠斜邪写褍谢谢邪,73,m
袚械薪邪写懈,73,m
袦褍褋褌邪锌邪,73,m
袛芯屑薪邪,73,f
袪邪褎懈褋邪,73,f
袧邪蟹谐褍谢褜,73,f
袟邪褍褉械褕,73,f
袣邪褌褟,73,f
协谢屑邪褉,73,m
袧邪褋懈斜褍谢谢邪,73,m
袪芯薪邪谢褜写,73,m
袦邪褉褋懈谢褜,73,m
袠泻屑械褌,73,m
袚懈褌懈薪芯屑邪谐芯屑械写,73,m
孝芯褏懈褉卸芯薪,73,m
袦邪谐芯屑械写-小邪谢邪褏,73,m
啸邪泄褉褍谢邪,73,m
小邪褌褌芯褉,73,m
袛卸械薪谐懈蟹,73,m
袚邪斜写褍谢褏邪泻,73,m
小械芯谐械泄,73,m
袙懈泻褌芯褉褋,73,m
啸邪谢懈褋褟,72,f
笑褘写械薪,72,m
袗屑褉邪褏,72,m
肖邪泄蟹邪谢懈,72,m
啸邪胁邪卸懈,72,m
袨谢懈屑写卸芯薪,72,m
袦械褋械写芯,72,f
袞邪薪邪,72,f
袩邪褌胁邪泻邪薪,72,m
孝械邪,72,f
袘邪褏邪写褍褉,72,m
袟邪懈褉,72,m
袘邪褌褘褉斜懈泄,72,m
袦褍褉芯写邪谢懈,72,m
校屑邪褉邪谢懈,72,m
袣懈褋褌邪屑邪薪,72,f
袛邪薪懈褝谢,72,m
孝芯褉谐芯屑,72,m
袟邪谐懈写邪,72,f
袛卸褍谢褍褋褌邪薪,72,m
啸懈写懈褉,72,m
袣邪褉懈屑褍谢邪,72,m
袙懈谢写邪薪,72,m
袗写懈褟,72,f
袙邪谢械泄,72,m
小褍谢褏懈写写懈薪,72,m
啸邪懈褕邪褌,72,f
袛卸芯胁邪薪薪懈,72,m
袞邪褎褟褉,72,m
袛卸邪胁邪褌褏邪薪,72,m
袪邪胁械谢褜,72,m
袟邪泄写褍谢谢邪,72,m
肖邪薪邪胁懈,72,m
袘芯褟薪,71,m
袧懈褟褉邪,71,f
袛邪胁褉芯薪斜械泻,71,m
袗斜械谢,71,m
袠谢褞褋邪,71,f
袛械屑褍褉懈,71,m
袦邪褉褟屑,71,f
协谢写邪薪懈蟹,71,m
袗泄薪邪蟹,71,f
啸邪谢懈泻,71,m
袨谢懈褟,71,f
小芯褎懈泻芯,71,f
袥褍褔懈褟,71,f
袚邪褏褉邪屑邪薪,71,m
袣谢邪胁写懈泄,71,m
孝邪谢懈斜,71,m
小褍褉褏芯,71,m
啸邪薪写邪,71,f
袝褉屑邪泻,71,m
袣邪懈褉斜械泻,71,m
袗泄褌褍谐邪薪,71,m
袠薪薪械褋褋邪,71,f
小邪薪邪褌,71,m
袛卸邪薪懈斜械泻,71,m
袧械褋褌械褉,71,m
袚邪褋邪薪谐褍褋械泄薪,71,m
袧懈谐褟褉,71,f
袚褍谢褜褋懈屑邪,71,f
袗斜写褍谢斜邪褉懈,71,m
袛械薪懈褋谢邪屑,71,m
袟懈薪邪褌褍谢谢邪,71,m
袙褟褔邪褋谢邪胁,71,m
袦薪懈褉,71,m
袧懈芯薪懈谢邪,71,f
袪邪褟褌,71,m
校谢褜胁懈,70,m
小邪褉芯,70,m
袪邪褎懈蟹,70,m
袗斜写褍谢卸邪谢懈谢,70,m
袠写邪褟褌,70,m
小懈薪邪薪,70,m
肖懈褉写邪胁械褋,70,m
袛懈谢写芯褉邪,70,f
袛芯胁谢械褌,70,m
袪邪薪邪褋,70,m
袚邪褉褟,70,m
袗泄褕械褌,70,f
肖械芯写芯褋懈泄,70,m
小褍谢懈屑,70,m
袦褍褌邪谢懈斜,70,m
袞邪谢懈谢,70,m
孝邪褌械胁芯褋,70,m
袦褟褋薪懈泻,70,m
袧褞褉谐褍褋褌邪薪邪,70,f
袦邪褉谐邪褉,70,m
孝懈屑械褉斜褍谢邪褌,70,m
小邪褎邪褉斜械泻,70,m
袙邪谢写懈褋,70,m
袟芯泻懈褉卸芯薪,70,m
袠褋谢邪屑斜械泻,70,m
袦褝谢褋,70,m
挟胁械薪邪谢懈泄,70,m
袛邪褉胁懈薪,70,m
袦邪谐芯屑械写褝屑懈薪,70,m
袣褍褉斜邪薪谐邪写卸懈,70,m
袘邪泻褌褘谐褍谢褜,70,f
袠谢褞褋褟,70,f
孝褍褉锌邪谢,70,m
袥邪褉懈芯薪,70,m
肖懈褉写懈薪邪褌,70,m
袚褍谢褜褎邪薪懈褟,70,f
袗褉褍薪邪褋,70,m
孝懈屑械褉谐邪谢懈,70,m
袗谢褜斜械褉写,70,m
袗斜褍斜械泻懈褉,70,m
袣褉懈褋褌芯褎械褉,70,m
袗薪写褉械褋,70,m
袥械芯泻邪写懈褟,70,f
袧褍褉屑褍褏邪屑械褌,70,m
袗薪褉械泄,70,m
袙邪泻懈谢褟,70,f
袚褍屑斜邪褌,69,m
袗褉胁懈写邪褋,69,m
小械胁邪薪,69,m
袥褝泄谢邪,69,f
袛邪胁谢邪褌,69,m
肖械褉懈写,69,m
袗褉邪屑斜懈泄,69,m
袘邪褏褌懈褢褉卸芯薪,69,m
袛褍薪,69,u
袞褍褉邪斜械泻,69,m
肖芯褌懈泄,69,m
袗写械屑,69,m
袪邪胁褏邪褌,69,m
袚芯写械褉写蟹懈,69,m
袘褍褟薪褌芯,69,m
袚褞谢褜邪谐邪,69,m
袦邪褏屑邪写,69,m
袧邪写褟,69,f
啸邪胁胁邪,69,f
袛卸懈褉谐邪谢,69,f
袗褋谢褟屑,69,m
袙邪泻懈褎,69,m
袚邪蟹懈屑,69,m
袣邪屑邪谢褜,69,m
袗褉懈泄,69,m
袥褍泻械褉褜褟,69,f
袣谢邪褍褋,69,m
袗薪褌褍邪薪,68,m
袚褍谢懈褉邪,68,f
袧褍褉懈械褌,68,f
孝邪屑邪褉,68,f
校褌泻懈褉,68,m
袗斜褍谢屑褍褋谢懈屑,68,m
小褍谢邪泄屑芯薪,68,m
袙邪褋懈谢邪,68,f
小邪屑懈写,68,m
楔邪屑褋懈,68,m
袚褍谢斜邪褏芯褉,68,f
袦褍褏邪褉邪屑,68,m
袗谐芯锌,68,m
袗谢胁邪褉褌,68,f
小懈褉械薪邪,68,f
袙邪谢懈褟,68,f
袪邪褏屑芯薪邪谢懈,68,m
袦懈褉蟹芯褏懈写,68,m
袩邪褏褉褍写懈薪,68,m
袦械褋械写褍,68,f
袟邪泄褌褍薪,68,m
袩褉械写褉邪谐,68,m
袗斜写褍胁芯褏懈写,68,m
袦邪谐懈褉,68,m
袝屑蟹邪褉懈,68,m
效邪芯,68,u
袧械薪邪写,68,m
啸邪屑懈写卸芯薪,68,m
袚邪写卸懈泻褍褉斜邪薪,68,m
袪懈胁泻邪褌,68,m
袧芯褉邪懈褉,68,m
袦邪褉褌褘薪,68,m
袧邪斜懈褞谢谢邪,68,m
袗谢懈斜褍谢邪褌,68,m
袛邪薪褍褌邪,68,f
袣邪懈褉卸邪薪,68,m
袘邪褏谢褍谢,68,m
袟懈薪芯胁懈褟,68,f
袗写屑懈褉,68,m
袦褍谐褍褌写懈薪,68,m
袛芯薪,68,m
袨谢谐邪,67,f
袙邪谢褟,67,f
袗泻斜械褉,67,m
笑懈邪谢邪,67,f
小邪斜懈褟褌,67,f
孝械芯薪邪,67,f
校蟹谢懈锌邪褌,67,f
袩邪褌懈屑邪,67,f
袗褉褋邪薪邪谢懈,67,m
袦邪褏邪褉斜械泻,67,m
袚械谢褞褋褟,67,f
袪褍褕邪褌,67,m
袚褍谢邪薪写芯屑,67,f
小邪褟胁褍褕,67,m
袞邪屑懈谢邪,67,f
孝懈屑褍褉谢邪薪,67,m
袗写懈谢褜褏邪薪,67,m
袙邪褉写邪薪褍褕,67,f
袛邪薪懈褝谢邪,67,f
袗褏屑邪写褍谢谢邪,67,m
袪邪写懈屑懈褉,67,m
挟薪邪,67,f
袦邪写邪褌,67,m
袘械泻褌褍褉,67,m
袙懈谢褜褋褍褉,67,m
袦邪褉褎褍谐邪,67,f
协褉谐邪褕,67,m
袛卸邪屑邪谢邪写写懈薪,67,m
袘邪褋邪薪,67,m
袟邪泻懈褉邪,67,f
袟褍屑褉褍褌,67,f
校褉褍褋褏邪薪,67,m
袟懈谢邪褉邪,67,f
袧懈泻邪薪芯褉,67,m
袚邪谢懈褏邪薪,67,m
袚邪褋褘屑,67,m
肖械薪褟,67,f
协褉褌懈薪械,67,m
袘邪谢褜卸懈屑邪,67,f
袪械蟹邪,67,m
袦懈薪邪褏屑械褌,67,m
肖邪泄谢褟,67,f
袗薪邪褌芯谢懈懈,67,m
袣芯薪褋褌邪薪懈薪,67,m
袪邪薪褌懈泻,66,m
袣邪褉谢褘谐邪褕,66,f
袙芯褋泻邪薪,66,m
袛懈谢褉邪斜芯,66,f
袦褍褏懈写懈薪,66,m
袥邪胁褉械薪褌,66,m
袗褉谐懈褕褌懈,66,m
孝械懈屑褍褉邪蟹,66,m
楔邪褏斜邪蟹,66,m
袧邪褉泻懈褋,66,m
协写褍邪褉褌,66,m
楔邪褏蟹芯写,66,m
袗斜写褍谢谐邪谢懈屑,66,m
袪邪褕懈写褟,66,f
袦芯胁谢写懈,66,m
袠褋谢邪屑褍褌写懈薪,66,m
楔邪屑芯,66,m
啸邪褋邪泄,66,m
啸邪泄褕邪褌,66,f
袠蟹蟹械褌,66,m
袘懈屑斜邪,66,m
袧邪褌邪,66,f
袠谢懈蟹邪,66,f
楔邪屑褋邪写写懈薪,66,m
袘芯斜懈褉,66,m
袣褍褉斜邪薪懈褋屑邪懈谢,66,m
袞褍屑邪斜械泻,66,m
袗谢褘屑斜械泻,66,m
袗褉褑褉褍薪懈,66,m
肖邪薪蟹懈谢,66,m
啸芯褋褋械泄薪,66,u
袛邪谢褏邪褌,66,m
袣邪锌懈褌芯薪,66,m
袚懈谢褜屑邪薪,66,m
啸邪褋邪薪褕,66,m
啸褍褉屑邪褌,66,m
袘邪蟹邪褉,66,m
啸懈写邪褟,66,f
袪械写卸械锌,66,m
肖邪褌褏械谢褜斜邪褟薪,66,m
小邪薪,66,u
小邪斜邪薪,66,m
袛邪薪懈褝谢谢邪,65,f
楔褍褏褉邪褌斜械泻,65,m
袠褋屑邪褌褍谢谢芯,65,m
袣邪褉芯屑邪褌褍谢谢芯,65,m
袙邪谐邪斜,65,m
袗蟹邪屑,65,m
啸邪斜懈谢褜,65,m
协谢褜谐褞薪,65,m
楔邪屑懈褉,65,m
袪芯斜械褉褌邪褋,65,u
协谢写懈褟褉,65,m
袪邪屑懈褟,65,f
携褋屑懈薪邪,65,f
袗谢懈褎褌懈薪邪,65,f
袣械屑褉邪薪,65,m
协褉械薪褑械薪,65,m
肖褉褍薪蟹械,65,m
小邪泄褎懈写写懈薪,65,m
袗褉锌械薪懈泻,65,f
袧褍褉写懈,65,m
袧褍褉谐褍谢,65,f
袦邪谐芯屑械写-协屑懈薪,65,m
袪邪屑懈褋邪,65,f
袗泄泻褍褕,65,f
袛懈薪褜,65,u
袟械谢械屑褏邪薪,65,m
袦邪谐懈薪褍褉,65,f
袚褞谢褜屑懈褉邪,65,f
袦懈褉蟹邪褏邪薪,65,m
小邪褏邪褟薪邪,65,f
袗褋褌邪屑褍褉,65,m
袪械薪械,65,f
袚懈谐邪,65,m
肖褉邪薪泻,65,m
袗斜写褍褏邪谢懈屑,65,m
袠谢褜屑邪薪,65,m
小邪谢懈屑褏邪薪,65,m
袠谢薪邪蟹,65,m
袚褍褋褌邪胁,65,m
袣芯褋褌邪薪褌懈薪,65,m
袦邪谐芯屑械写-袗谢懈,65,m
效芯泄谐邪薪邪,65,f
袧邪蟹邪褉懈泄,65,m
小邪懈写-袗褏屑械写,65,m
袗写懈斜,65,m
袦懈薪褋邪谐懈褌,65,m
袛芯谢芯褉械褋,65,m
小邪懈写卸芯薪,64,m
袣褘褟谢斜械泻,64,m
楔邪屑褋懈写写懈薪,64,m
袦懈薪懈褉邪,64,f
小邪屑褍褉,64,m
袘邪谐邪薪写,64,m
袥械胁械薪褌,64,m
袗薪邪褌芯谢懈械,64,m
楔邪屑邪泄,64,m
袘械邪褌邪,64,f
肖芯褌懈屑邪,64,f
协屑邪薪褍懈谢,64,m
协褉谢邪薪,64,m
袙邪谢械褉懈褍,64,m
啸邪褎懈蟹邪,64,f
袟褍谢褜褎邪,64,f
袟褍褉懈写邪,64,f
袟懈褟褎邪褌,64,m
楔褍屑邪褎,64,m
袩邪谢懈薪邪,64,f
袚懈褟褋,64,m
协薪蟹械,64,f
袗谐褕懈薪,64,m
袗斜写褍卸邪谢懈谢,64,m
袘械泻邪,64,m
小械泄褎邪写写懈薪,64,m
啸褘泄褋邪,64,m
小械泄褎褍谢谢邪,64,m
袪懈蟹褍邪薪,64,m
楔邪泄褏褍谢谢邪,64,m
袣邪屑邪谢邪,64,u
肖懈谢褞蟹邪,64,f
小懈写芯褉,64,m
袟褍屑褉邪褌,64,f
袦邪谐芯屑械写斜械泻,64,m
袚邪蟹懈褟胁,64,m
啸邪卸邪泻,64,m
袦邪泻褕邪褉懈锌,64,m
袚邪斜懈斜褍谢谢邪褏,64,m
袛懈谢褞褋,64,m
袗薪邪褉斜械泻,64,m
袥褞蟹邪,64,f
袗褏懈褟褉,64,m
楔邪褏褉褍蟹邪褌,64,f
袚邪斜写褉邪褏屑邪薪,64,m
啸邪写卸懈,64,m
袗褉械胁邪褌,63,f
小械胁械褉褜褟薪,63,m
小械胁懈谢褟,63,f
袗薪褜,63,u
袣褟屑邪谢,63,m
肖邪褉懈写褟,63,f
袘芯褏芯写懈褉,63,m
协谢褜屑邪写写懈薪,63,m
袗泻褋懈薪懈褟,63,f
袗斜写褍褋邪褌褌芯褉,63,m
袙邪谢懈褍谢谢邪,63,m
小褍斜褏邪薪,63,m
袦褍褏邪屑邪褌,63,m
袗斜褍斜邪泻褉,63,m
携蟹懈谢褟,63,f
袣邪褉谢芯褋,63,m
肖懈褉写邪褍褋邪,63,f
袗泻屑邪谢褜,63,m
袦邪谢邪褏邪褌,63,f
小邪谢邪屑邪褌,63,f
袗褉褌懈泻,63,m
笑械蟹邪褉褜,63,m
袘邪褏邪写褘褉,63,m
袟邪褏褉邪,63,f
孝芯屑,63,m
楔褍褉邪,63,f
袞邪薪薪械褌褌邪,63,f
楔懈褏屑邪谐芯屑械写,63,m
小邪泄写-协屑懈,63,m
袦邪屑械写邪谢懈,63,m
袗泄褌械泻,63,m
袪邪懈写,63,m
袘邪褏褘褌,63,m
袣褍邪薪写褘泻,63,m
袦械屑械褌,63,m
小邪褉写邪邪薪邪,63,f
肖懈褉泻邪褌,63,m
袣邪蟹懈,63,m
肖邪薪蟹懈褟,63,f
袦邪褉褋懈谢,63,m
袡芯薪邪褋,63,m
袧邪写械褉,63,m
袪懈胁邪,63,f
袗斜邪斜褍泻邪褉,63,m
肖懈褉邪褋,63,m
小邪谢邪胁写懈,63,m
袗谢懈褋褏邪薪,63,m
袣褟褉懈屑,63,m
袪邪褍谢懈,63,m
小邪写褉邪写写懈薪,63,m
袦邪谐芯屑械写-协屑懈,63,m
袗薪械褌褌邪,63,f
啸褍褋邪薪斜芯泄,63,m
袘褍斜邪,63,m
袨谢懈胁械褉,63,m
孝邪褌褜薪邪,63,f
袗褉邪泻褋懈,62,f
袗褕褍褉,62,m
袗薪懈褎械,62,f
袦懈芯写褉邪谐,62,m
袣薪褟蟹褜,62,m
袦邪谐芯屑械写薪褍褉,62,m
袗胁邪薪械褋,62,m
袙邪褉褌褍褕,62,f
小芯谐芯屑芯薪,62,m
袥懈谢懈邪薪薪邪,62,f
小褍蟹邪薪薪邪,62,f
袚褍谢芯屑,62,m
袧邪蟹械谢懈,62,f
袗谢褘,62,m
袣懈屑邪,62,f
协褉泻懈薪斜械泻,62,m
袘邪褏褍,62,f
袟邪屑懈薪邪,62,u
协屑懈谢斜械泻,62,m
袗谐邪胁薪懈,62,f
袗蟹懈蟹邪谐邪,62,u
小邪懈写屑邪谐芯屑械写,62,m
袗褉懈蟹,62,m
袗谢懈屑褍褉邪写,62,m
袦芯褏屑邪写,62,m
袠谢谢芯薪邪,62,f
袙邪写懈屑懈褉,62,m
袗写懈斜邪,62,f
效芯谢锌芯薪,62,f
袘邪谐芯屑械写,62,m
袚懈褋褋邪,62,m
袦邪泻褋褍屑,62,m
袙懈泻褌芯褉邪褋,62,m
袛芯胁褉邪薪,62,m
协褋褎懈褉褜,62,f
小械薪,62,u
袟褍屑邪褉邪,62,f
袗写械谢褜褕邪,62,m
小褟懈褌,62,m
袝褉械屑械泄,62,m
袦邪褌褉褢薪邪,62,f
啸械褉械谢,62,m
效芯泄谐邪薪,62,f
袛邪褕懈薪懈屑邪,62,m
肖懈褉邪,62,f
袗谢械泻褋邪薪写褉芯胁薪邪,62,f
袠蟹邪,61,f
袗屑懈褉蟹褟薪,61,m
袩邪褉胁懈薪邪,61,f
袦械写械褌斜械泻,61,m
楔芯泻懈褉,61,m
袗屑懈褉邪谢懈,61,m
袚械褉械泄,61,m
协褋褌械褉,61,m
袧邪褌邪胁邪薪,61,f
袛卸邪胁谐邪褉邪褌,61,f
小邪谢芯褏懈写写懈薪,61,m
袗斜械褋邪谢芯屑,61,m
孝邪褟,61,f
袦褍薪邪胁邪褉邪,61,f
袦懈薪褋谢褍,61,f
袧褍褉屑褍褏邪屑械写,61,m
袘芯褌邪谐芯蟹,61,f
袚邪蟹邪薪褎邪褉,61,m
肖邪褉蟹芯薪邪,61,f
袗谢械泻褋邪薪写邪褉,61,m
袪邪褕懈写邪褌,61,f
袦邪薪褋褍褉卸芯薪,61,m
袗谢懈写邪,61,f
袦械写械褉斜械泻,61,m
袪邪褏懈谢褜,61,f
小邪懈屑邪褌,61,f
孝芯褏褌邪褉,61,m
袙械谢懈褏邪薪,61,m
袦褍泻懈屑卸芯薪,61,m
袙邪邪薪,61,u
袗褍褏邪褌,61,m
袠褏褋邪薪,61,m
袧褍褉懈写懈薪,61,m
袧褍褋褉邪褌褍谢谢芯,61,m
袪邪褏懈屑卸芯薪,61,m
袘邪褏褕懈,61,m
楔邪泻褉芯,61,m
袗锌褉械褋,61,m
袛邪褕懈屑邪,61,f
袚褞谢褜褕邪薪,61,f
袦邪褉褍褎,61,m
袪邪斜懈褟,61,f
袧邪懈薪邪,61,f
袠谢邪薪邪,61,f
袘邪斜邪,61,m
孝芯褉芯褋,61,m
袚懈屑斜邪褌,61,m
袗胁写械泄,61,m
袟褍谢褜屑懈褉邪,61,f
携褋械褉,61,u
袘邪褋褘褉,61,m
小褞谢械泄屑邪薪,61,m
袠谢褜屑邪褋,61,m
袛邪薪蟹邪薪,61,m
袗谐褉懈锌懈薪邪,61,f
肖邪胁邪褉懈褋,61,m
袚邪谢懈褍谢谢邪,61,m
挟褉懈懈,61,m
袗写褘谐卸褘,61,m
袗薪褌芯薪懈薪,61,m
袛褍谢屑邪卸邪锌,61,f
小邪懈写邪褏屑械写,61,m
啸邪薪褋,61,u
袚邪懈泻,61,m
袗褏屑械写薪邪斜懈,61,m
啸懈褉邪屑邪谐芯屑械写,61,m
挟芯蟹邪褋,61,m
袗谢褜谐懈屑邪薪褌邪褋,61,m
校屑邪褉褏芯薪,61,m
袙邪谢械薪褌懈薪芯胁薪邪,61,f
小胁,61,m
小芯褏褉邪斜,60,m
孝邪谐懈褉蟹褟薪,60,m
袘芯薪写芯,60,m
袛械薪懈蟹,60,m
协谢褜胁懈褋,60,m
袝胁谐械薪懈泄褋,60,m
啸懈褕邪屑,60,u
小邪褉屑邪褌,60,m
袦邪泄褉邪屑斜械泻,60,m
楔邪褉芯褎懈写写懈薪,60,m
小褍褎褜褟薪,60,m
袗褉胁懈写,60,m
袘邪褏褉懈写懈薪,60,m
袚械谐械褑懈泻,60,f
肖械泄褉褍蟹,60,m
袪邪泻懈褎,60,m
袚褍屑褟褉,60,m
袨谢械褋懈褟,60,f
协写懈械,60,f
袦懈褉蟹邪斜械泻,60,m
袚邪蟹懈屑邪,60,f
袪邪胁蟹邪薪邪褌,60,f
袗褋谢邪薪斜械谐,60,m
袙芯胁邪,60,m
袟械泄薪械锌,60,f
楔邪胁泻邪褌卸芯薪,60,m
袦懈薪写邪褍谐邪褋,60,m
肖褉褍薪蟹懈泻,60,m
袛卸邪褏懈写,60,m
孝褍褉泻芯,60,m
袦懈薪邪褌褍谢谢邪,60,m
协褉泻邪薪,60,m
袗斜懈写懈薪,60,m
小邪谢邪褍写懈,60,m
小懈褉邪泻,60,m
小褍谢邪泄屑邪薪,60,m
袦懈褏邪懈谢褋,60,m
袦褍褉蟹邪斜械泻,60,m
袧褍褉蟹邪褌,60,f
袗谢写褘薪-袣褘褋,60,f
袟斜懈谐薪械胁,60,m
袗薪谐邪屑,60,m
袦褍褋邪胁懈褉,60,m
袗写械泻褋邪薪写褉,60,m
袪邪褎懈薪邪褌,59,m
袦邪薪褋褍褉写卸芯薪,59,m
楔邪褎懈泻,59,m
袠谢褜胁械褉邪,59,f
孝邪谢谐邪褌褜,59,m
孝邪卸懈写懈薪,59,m
肖械褉懈写械,59,f
孝邪褌懈邪薪邪,59,f
小械胁写懈薪,59,m
袙邪谢懈卸芯薪,59,m
袪褍蟹邪谢懈薪,59,m
袛懈谢褕芯写斜械泻,59,m
效邪泻邪褉,59,f
袚械谢褜薪褍褉,59,f
袗薪写懈,59,m
袘邪写褉褍写懈,59,m
袗泄谐械褉懈屑,59,f
啸邪褋邪泄薪,59,m
袦邪薪褍褔邪褉,59,m
袚邪斜懈褌,59,m
袚褍谢褜蟹懈褉邪,59,f
袙邪褉褌邪薪褍褕,59,f
袚械谢褜褕邪褌,59,f
小邪褎械褉,59,m
袗写褝谢褜,59,f
袪邪谢褜褎,59,m
袙邪谢懈褏邪薪,59,m
袙懈褌邪谢懈泻,59,m
小褍谢褌邪薪邪褏屑械写,59,m
袗谢懈屑邪褏屑邪写,59,m
袛邪褉褜褟薪邪,59,f
袗泄褋褍谢褍褍,59,f
袥懈芯薪,59,m
小邪泄写邪,59,f
袗泻邪泄,59,m
小邪泄写-协屑懈薪,59,m
袟邪泻邪褉,59,m
楔邪胁泻械褌,59,m
袟邪屑懈谢,59,m
袘褍褉褏邪薪,59,m
袙懈写屑邪薪褌邪褋,59,m
袧懈泻芯谢邪芯褋,59,m
袦褍褉邪写懈,59,m
袗薪写褉械懈,59,m
协褉械褋-袨芯谢,59,m
袩邪泄蟹褍谢邪,59,m
袗褞褕邪,59,m
袦邪褉褏邪斜邪,59,f
袧懈泻芯,59,m
袚邪谢懈褟斜邪薪褍,59,f
袚邪泄褕邪,59,f
袦懈薪懈褟褉,59,m
袦邪谐邪褎褍褉,59,m
袦邪屑邪写褍,59,m
小.袦.,59,u
袪芯屑械薪,58,m
袛谢褟胁械褉,58,m
袪邪卸邪斜,58,m
孝芯胁屑邪褋,58,m
袧邪褋懈屑写卸芯薪,58,m
袚褍谢褋邪褉邪,58,f
袣邪薪褕芯斜懈,58,m
小邪写懈,58,m
携写懈谐邪褉,58,m
协谢谢械芯薪芯褉邪,58,f
袗屑懈褉邪,58,f
袦邪谐写邪薪,58,m
袛械屑芯泻褉懈褌,58,m
袥懈褉懈褟,58,f
袘邪泄褉,58,m
袟邪褉蟹邪薪写,58,m
楔邪胁泻邪褌斜械泻,58,m
袚械谢褜褋懈薪褟,58,f
袚邪褟褋,58,m
袪褍泻屑邪薪,58,m
袠褋谢芯屑卸芯薪,58,m
小邪懈写-啸褍褋械泄薪,58,m
袪褍屑懈褋邪,58,f
小芯谢屑邪蟹,58,f
袙懈褋懈褌邪,58,m
袥械泄褋褟薪,58,f
袧懈褋芯薪,58,m
袥邪泄屑邪,58,u
袞邪薪薪邪褌,58,f
袘懈褉谢邪薪褌,58,f
袣邪蟹邪褉,58,m
袪褍薪邪褉,58,m
肖邪薪写邪褋,58,m
袘芯斜芯屑褍褉芯写,58,m
袛卸械泄屑褋,58,m
袪邪写芯褋谢邪胁,58,m
袦械褉写邪薪,58,m
协褉写褘薪懈,58,m
肖邪褉胁邪蟹,58,m
袗屑邪谢褜,58,m
袧褍褉懈褌写懈薪,58,m
袩褕懈屑邪褎,58,m
袦邪谢械薪邪,58,f
笑蟹懈薪褜,58,u
袝褉褍褏芯屑,58,m
袟褍谢褜褎邪褉,58,m
袪邪写卸懈,58,m
袙械薪懈褉,58,m
啸邪褌懈锌,58,m
袗薪邪泄-啸邪邪泻,58,f
袦懈写械褏邪褌,58,m
肖邪褏褉褍写懈薪,58,m
袦懈薪谐邪谢懈,58,m
袨谢褌邪薪,58,m
楔邪褟,58,m
袚械芯p谐懈泄,58,m
袗谢-袛p,58,m
袦械褉褜械屑,57,f
袨斜懈写卸芯薪,57,m
袦褍褏褉懈写写懈薪,57,m
楔械泄褏,57,m
袚邪谢邪泻褌懈芯薪,57,m
袧邪谐邪锌械褌,57,m
袗褎械褌,57,m
小械褉写卸懈褍,57,m
袦邪褏屑邪写褕邪褉懈褎,57,m
袙懈褉邪斜,57,m
袞邪蟹谐褍谢,57,f
协谢褜屑懈薪,57,m
袧邪蟹懈褉褟,57,f
袛褍褋褌屑褍褉芯写,57,m
袦邪薪褋褍褉斜械泻,57,m
袗斜褍褟蟹懈褌,57,m
协褉懈泻薪邪蟹,57,f
袥邪褋谢芯,57,m
袟邪泄薪褍谢邪斜懈写,57,m
袘械薪褟屑懈薪,57,m
协谢谢懈,57,f
笑褘褉械薪-啸邪薪写邪,57,f
楔邪屑褋懈褟,57,f
袥懈褍邪薪,57,m
笑褘薪写褘屑邪,57,f
袦褍褏邪屑屑械褌,57,m
袥褍泻褜褟薪,57,m
袚邪谢懈屑褍谢谢邪,57,m
啸邪薪邪锌懈,57,m
肖懈褉写懈薪邪薪褌,57,m
小邪谐邪写邪褌,57,m
袪邪写卸械褕,57,m
袧褍褉褋懈谢褟,57,f
袗泄胁邪褉褋,57,m
袗谢卸邪薪邪褌,57,f
袗褋胁邪褌褍褉,57,m
袗屑懈褌,57,m
袛卸邪屑邪谢邪泄,57,m
袗斜懈写,57,m
袟懈褟褍写懈薪,57,m
袛邪薪懈谢芯,57,m
校褋邪屑邪,57,u
袗褉褋褝薪,57,m
袪褍蟹懈斜芯泄,57,m
肖懈写邪褉,57,m
袝胁谐械薪懈懈,57,m
楔芯褉邪邪薪,57,m
袘邪泄斜褍谢邪褌,57,m
袗斜写褍谢-啸邪屑懈写,57,m
袧褍褉懈褋谢褟屑,57,m
小邪写褘褏,57,m
袗斜褉懈泻,57,m
袦褟薪褋褍褉,57,m
袪邪褎懈泻邪,57,f
袛芯芯谢芯褌斜械泻,57,m
袦懈薪懈褋谢邪屑,57,m
袗谢械泻褋薪邪写褉,57,m
小械褉械泄,57,m
啸芯谢斜邪泄,57,m
袗褉懈泻,57,m
肖褟褉懈写褟,56,f
袣邪蟹褘屑,56,m
袘芯卸械薪邪,56,f
袨褉懈褎写卸芯薪,56,m
袚褍谢懈蟹邪褉,56,f
袠褋邪斜械泻,56,m
袣懈褉懈邪泻,56,m
袗胁褉邪邪屑,56,m
校褕邪薪谐懈,56,m
袦邪胁谢褍写邪,56,f
携屑懈谢褟,56,f
袗泄泻邪褉邪屑,56,m
袛卸邪薪懈泻,56,m
袦褍褋褌邪褎芯,56,m
小邪懈写屑褍褉芯写,56,m
袚褍谢芯屑卸芯薪,56,m
袝锌褉械屑,56,m
袘邪泄褉邪屑邪谢懈,56,m
袠谢邪褏邪,56,f
袚邪泄褉邪褌卸芯薪,56,m
袣芯斜懈谢卸芯薪,56,m
袠蟹械褌,56,m
袦邪谐褋褍写,56,m
啸邪写懈卸邪,56,f
袣芯薪写褉邪褌,56,m
孝邪谢褟褌,56,m
袘械泻斜褍谢邪褌,56,m
袗谢写芯薪邪,56,f
袛邪懈褉,56,m
小械胁懈薪褔,56,f
袗斜谢邪泄,56,m
袦褍泻邪懈谢,56,m
袘芯谢芯褌斜械泻,56,m
小芯写薪芯屑,56,m
袠芯邪薪薪邪,56,f
袣褍薪写褍蟹,56,m
袛卸邪谢邪谢褍写懈薪,56,m
袙邪褏懈褌邪,56,m
袛邪薪邪褌,56,m
小邪薪褜褟,56,f
袗谢械泻芯,56,m
袧邪蟹懈屑邪,56,f
袪褟褏懈屑,56,m
小褍褎懈褟薪,56,m
袪芯谢邪薪写邪褋,56,m
啸邪泄斜褍谢谢邪,56,m
小邪屑斜褍,56,m
袦懈谢芯褉邪写,56,m
袝谐械薪懈泄,56,m
袙邪谢械褉懈泄褋,56,m
啸邪屑邪褌褏邪薪,56,m
袠褕屑褍褏邪屑械褌,56,m
袛卸邪褎褟褉,56,m
啸邪写卸懈斜懈泻邪褉,56,m
袘芯褉懈褋斜懈,56,m
袧懈泻芯谢邪械胁懈褔,56,m
袙懈泻褌芯褉芯胁懈褔,56,m
孝褍写芯褉,55,m
袪邪写卸邪,55,m
袥邪泄谢芯,55,f
袠蟹械褌邪,55,f
袟褍谢褜褎褍谐邪褉,55,m
啸邪褋懈薪,55,m
袠褉芯写邪,55,f
袧懈谐邪褉,55,f
小芯写懈泻,55,m
袠谢褜蟹邪,55,f
袪邪泻褋邪薪邪,55,f
袣褘谢褘褔斜械泻,55,m
袚褍谢薪邪蟹,55,f
袗懈薪邪,55,f
袗褎懈蟹,55,m
袪褍卸械薪邪,55,f
袗谢懈褎,55,m
袗褉褋褌邪薪斜械泻,55,m
小邪写懈泻,55,m
袣械褉芯锌,55,m
袩邪锌,55,m
袧邪蟹邪褉斜械泻,55,m
袚褍谢薪芯蟹邪,55,f
袠褎褌懈褏邪褉,55,m
袘邪褍褘褉卸邪薪,55,m
楔邪屑懈谢褟,55,f
袗屑谢械褌,55,m
袟褍斜邪泄褉褍,55,m
袗斜写褍褉邪褍褎,55,m
袚懈谢褜褎邪薪,55,m
袗谢懈邪谐邪,55,m
袦褍褉褌邪蟹懈,55,m
袙邪褉写泻械褋,55,m
携褏褗褟,55,m
肖邪懈褋,55,m
袙邪谢懈屑邪,55,f
袠屑械写邪,55,m
协谢谢芯薪邪,55,f
袦邪褏写懈,55,m
袚邪褍褏邪褉,55,f
袗褉屑褝薪,55,m
袘邪褏屑褍写,55,m
袙邪褉褌泻械褋,55,m
袩械褌褉褍,55,m
袙邪懈褋,55,m
楔懈褉褏邪薪,55,m
袦邪谐芯屑械写褋邪泄谐懈写,55,m
袠褞谢懈褟,55,f
袗斜斜芯褋,55,m
小褌懈胁械薪,55,m
袛懈屑懈褌褉懈,55,m
孝褍屑懈褕邪,55,f
小邪泄写-袗褏屑械写,55,m
小邪泄写褍谢谢邪,55,m
袗写褘谢褜,55,m
袗锌芯谢懈薪邪褉懈褟,55,f
袦懈褉懈邪薪,55,m
袘邪泄谢邪泻,55,f
效械褔械薪邪,55,f
袩邪胁械谢褋,55,m
袝谐懈褟,55,m
袣邪褋锌邪褉,55,m
袙邪蟹懈褉邪,55,f
袣芯屑褉芯薪,54,m
肖械褉写邪褍褋,54,m
袧芯蟹懈屑卸芯薪,54,m
袘芯褉懈泻,54,m
袚褍谢懈褕邪褌,54,f
小懈褟写邪褌,54,f
袗斜写褍谢褏邪谢懈屑,54,m
袙谢邪写懈屑懈褉邪,54,f
小邪谢懈屑蟹褟薪,54,m
袗屑邪褉,54,m
袗褋谢邪薪谐械褉懈,54,m
楔邪褏褉懈褟褉,54,m
袠蟹蟹邪褌褍谢谢芯,54,m
袚邪屑邪谢褜,54,u
袦懈褏邪械谢,54,m
协谢懈蟹邪斜械褌,54,f
袨蟹芯写邪,54,f
袥褍褌褎褍谢谢芯,54,m
袚邪褉褍褕,54,m
小邪写邪谐邪褌,54,f
袟芯褉褟薪邪,54,f
孝邪懈斜邪褌,54,f
袪械写胁邪薪,54,m
袗泄谐褍屑,54,m
校褋邪屑,54,m
袦械谢懈褋,54,m
小懈褉芯写卸懈写写懈薪,54,m
袦邪泄懈褋,54,m
袠谢写褘褉褘屑,54,m
袣邪胁褋邪褉邪褌,54,f
袡褍褋褍褎,54,m
袟械泄褌褍薪,54,m
袦邪薪褋邪褎,54,m
孝械屑械褉谢邪薪,54,m
袪械泄薪,54,m
校屑懈褟褌,54,f
袙邪褉写,54,m
袦邪谐芯屑械写斜邪褕懈褉,54,m
肖邪褟谐褍谢褜,54,f
袙懈褋懈褌,54,m
袟邪谢锌邪,54,f
袦邪谐芯屑械写褋褍谢褌邪薪,54,m
袟懈褟褍褌写懈薪,54,m
肖谢懈褌,54,m
袥褞褑懈薪邪,54,f
袗斜写褍谢谐邪薪懈,54,m
协褉写邪谢,54,m
肖械褉懈褌,54,m
袦邪泻褋邪写,54,m
袚褍谢褜泻邪泄,54,f
袘邪褍写懈,54,m
袧邪懈褎,54,m
袪械泄薪谐芯谢褜写,54,m
挟褉谐械薪,54,m
袥械薪懈薪邪,54,f
袗褏屑械褌-袗谢懈,54,m
袠谢褜褋芯褟褉,53,f
袪褍褋褌邪屑写卸芯薪,53,m
袥懈芯薪械谢谢邪,53,f
袟褍斜邪泄写邪褌,53,f
小邪薪胁械谢,53,m
袪邪屑懈写懈薪,53,m
袗褉褌褍褉懈泻,53,m
孝芯写芯褉,53,m
小芯斜懈褉写卸芯薪,53,m
袗谢褜褎褉械褌,53,m
小芯薪懈泻,53,f
小邪薪谐邪写卸懈,53,m
袘邪谢写邪薪,53,m
袗泄写邪褉斜械泻,53,m
袧芯褎邪谢,53,m
袗谢懈褋懈褟,53,f
袗泄写邪薪邪,53,f
小谢邪胁褟薪邪,53,f
小械褉懈薪械,53,f
袪邪写卸邪薪邪,53,f
孝褍褉褋褍薪,53,m
袗邪褉芯薪,53,m
袝褉泻械薪,53,m
袘邪褉邪褌,53,m
楔械褉懈褎,53,m
小邪泄写-啸褍褋械泄薪,53,m
袪邪褔,53,m
袝屑蟹邪褉,53,m
袘邪褏邪褉,53,f
袦邪懈褉,53,m
袙邪谐懈褌,53,m
袗屑械褋褌,53,f
袗褌邪,53,f
袛懈屑懈褌褉,53,m
袞邪薪懈斜械泻,53,m
袦懈薪薪褍谢谢邪,53,m
校褉屑邪褌斜械泻,53,m
啸褍褋褟懈薪,53,m
袣邪写褘褉卸邪薪,53,m
小邪谢懈褏邪,53,f
袝褉谐邪谢懈,53,m
孝邪谢懈薪邪,53,f
孝械褉械褋邪,53,f
挟褋褌懈薪邪,53,f
袦邪褉胁邪薪,53,m
挟薪褜,53,u
楔邪胁泻褟褌,53,m
袚褍谢褜褋械屑,53,f
袧懈蟹邪屑褍写懈薪,53,m
袗褍写褉褞褋,53,m
袨泄谐械薪,53,m
肖邪谐懈褌,53,m
袦邪褋褌褍褉邪,52,f
袪邪褋褌械屑,52,m
肖邪褌邪谢懈,52,m
袥褞褋械薪邪,52,f
袪邪写懈薪邪,52,f
袟芯褏懈写卸芯薪,52,m
楔邪褉懈褎斜械泻,52,m
袟邪褎邪褉卸芯薪,52,m
袞邪泻谢懈薪,52,f
楔褍泻褉褍谢谢芯,52,m
小邪谐谢邪褉,52,f
袚邪褟薪邪,52,f
袪邪褍蟹邪谢懈褟,52,f
袙褞谐邪褉,52,m
袦邪谐写邪,52,f
小邪薪写卸邪褉,52,m
袟械谢褜褎懈褟,52,u
袪邪屑邪薪,52,m
袦邪泻胁邪谢邪,52,f
袟邪泄薪褍谢邪,52,m
楔邪褉芯褎,52,m
袘邪褋褋邪屑,52,u
袠褋泻褉邪,52,f
袙懈薪懈褉,52,m
小邪谐褘薪写褘泻,52,m
孝褘薪褔褌褘泻斜械泻,52,m
袘邪谐写邪褌,52,m
袛懈屑懈褌褗褉,52,u
袞邪薪邪褉邪,52,f
袠邪,52,f
袙懈邪谢械褌褌邪,52,f
袣邪屑斜褍谢邪褌,52,m
袛邪斜邪,52,m
袗斜褍谢褎邪褌,52,m
袪邪褋褌懈褋谢邪胁,52,m
袝谢懈蟹邪褉,52,m
袦懈薪薪懈谐褍谢褜,52,f
袟褍斜邪褉卸邪褌,52,f
袘邪谐邪屑邪,52,m
袧邪褉屑懈薪,52,f
袗谢懈卸邪薪,52,m
袚褍谢褜蟹懈褎邪,52,f
袪邪褍懈谢褜,52,m
啸邪谢懈褋邪褌,52,f
校屑褍褌,52,f
肖懈褉褍写写懈薪,52,m
袗褉懈褋,52,m
袝胁谐械薪褜褟,52,f
袗褉邪屑懈褋,52,m
袗屑屑邪褉,52,u
肖懈褉谐邪褌褜,52,m
袛卸邪褕邪褉斜械泻,52,m
袙邪谢褌械褉,52,m
袗锌械褌,52,m
袣械卸懈泻,52,m
小邪泄谢褘泻,52,f
袪芯蟹邪谢懈薪,52,m
小褟芯,52,u
袗谢懈泻斜械褉,52,m
袪械胁芯,52,m
袘懈谢懈泻褌芯,52,m
啸芯卸-袗褏屑械写,52,m
袣谢邪褍写懈芯,52,m
袗薪邪褌芯谢懈,52,m
袦械薪懈褉褟,52,f
小邪懈锌卸邪薪,52,m
袗谢械褋泻械泄,52,m
袠谢芯薪薪邪,51,f
袦邪褏屑邪写褍谢谢芯,51,m
袟褍斜邪泄写褍谢谢芯,51,m
小芯写懈泻卸芯薪,51,m
肖邪褌懈屑械,51,f
小邪褉邪褌,51,m
袝谐懈褕,51,m
啸邪薪懈,51,f
袗斜写褍褉邪褕懈褌,51,m
袟懈褟写写懈薪,51,m
袗斜写褍褏邪屑懈写,51,m
袘械谐谢邪褉,51,m
袗褉褍褋,51,f
袛卸邪薪谐褉,51,m
袞邪薪懈褟,51,f
袧邪蟹懈谢邪,51,f
啸褍褕薪褍写,51,m
袦懈薪邪褉邪,51,f
袟邪屑懈谢褟,51,f
袟芯褉邪斜,51,m
袠薪芯屑卸芯薪,51,m
啸褉懈褋褌芯,51,m
袚械褉屑懈薪械,51,f
孝懈谢械泻,51,m
袪芯邪谢褜写,51,m
袧懈泻芯薪,51,m
小械谢懈屑褏邪薪,51,m
袦邪褉褜褟褌,51,f
袗谢褜斜懈薪,51,m
效械褔械薪,51,m
袛懈屑懈褌褉懈芯褋,51,m
小械褉谐械褞褋,51,u
袟懈屑褎懈褉,51,m
袟芯褉懈泄,51,m
袝胁写芯泻懈屑,51,m
小邪写懈褟,51,f
袪懈褋邪谢邪褌,51,f
袗屑邪薪谐邪谢懈,51,m
袨褉芯蟹斜械泻,51,m
袠谢屑懈褉,51,m
袗斜写褍谢-袣械褉懈屑,51,m
袚褍谢褜褋邪褋邪泻,51,f
袙邪褔邪泻邪薪,51,m
小邪邪写,51,m
啸邪薪薪邪,51,f
袠胁邪褉,51,m
袪懈褎泻邪褌褜,51,m
袗斜褍谢褜褎邪蟹,51,m
袗屑械褉,51,m
袧邪谐懈,51,m
袩褉芯泻芯褎懈泄,51,m
袗谢邪褕,51,m
袗泄写邪薪,51,m
啸邪谢懈屑褟,51,f
肖邪薪写褍褋,51,m
袦褍褋褟,51,m
袚邪褋斜褍谢谢邪,51,m
袨褞屑邪邪,51,f
啸邪卸懈褋屑械谢,51,m
笑褘写褘锌,51,m
袥械芯薪邪褉写芯,51,m
袧邪屑褋邪褉邪泄,51,m
袙芯谢褜褎谐邪薪谐,51,m
袣褕懈褕褌芯褎,51,m
袦邪泻懈屑,51,m
袙懈,51,m
袥邪p懈褋邪,51,f
小邪褉褉邪褎,50,m
袠斜邪写邪褌,50,m
孝械褏褉邪薪,50,m
袣芯蟹懈屑卸芯薪,50,m
袚懈谢褜写邪,50,f
袗褉谐械薪,50,m
啸芯谢屑褍褉芯写,50,m
袛邪褋褌邪薪,50,m
孝邪谢邪褌,50,m
袚褍谢褜斜邪薪褍,50,f
袠锌锌芯谢懈褌,50,m
楔邪褏褉懈褢褉,50,m
袣邪懈褉,50,m
袪邪褏懈屑写卸芯薪,50,m
孝芯褉薪懈泻,50,m
协谢褜谐懈蟹,50,m
楔邪屑褋懈写懈薪,50,m
小芯写懈泻写卸芯薪,50,m
袦邪蟹谐邪褉,50,m
小懈褉胁邪褉写,50,f
袘械泻屑褍褉邪褌,50,m
楔邪褉邪斜褍褌写懈薪,50,m
袗谢锌邪屑褘褋,50,m
袛卸褍谢械褌褌邪,50,f
袗斜写褍褏邪谢懈谢,50,m
袗褋械褎,50,u
袗斜写褍谢胁邪褏懈写,50,m
小褍褏褉芯斜写卸芯薪,50,m
孝邪褏懈褉邪,50,f
肖邪褏褉懈写懈薪,50,m
袘邪褏褘褌卸邪薪,50,m
袧褞褉谐褍褋褌邪薪,50,m
肖械胁褉芯薪褜褟,50,f
袦邪褍谢懈写邪,50,f
袗胁褉芯褉邪,50,f
袦邪薪褋褍褉邪,50,f
袛懈芯屑懈写,50,m
袦懈褉蟹邪屑邪谐芯屑械写,50,m
袗谢屑邪褌,50,m
肖芯屑邪,50,m
袗胁谐褍褋褌懈薪,50,m
袪械薪邪谢褜写,50,m
袪褟屑蟹懈褟,50,f
袥褍褌褎懈褟,50,f
袚褉懈谐芯褉懈,50,m
袦邪褏懈褉邪,50,f
携写谐邪褉,50,m
肖械芯写芯褉邪,50,f
袟褟泻懈,50,m
袣邪谢褋褘薪,50,m
小褍谢邪屑斜械泻,50,m
袙懈薪懈褉邪,50,f
袘邪褌芯屑褍薪泻芯,50,m
小邪屑懈谐邪,50,f
袦邪薪薪褍褉,50,m
袛邪褉懈泻芯,50,m
袚械褉褏邪褉写,50,m
袝卸懈,50,m
孝邪褋泻懈褉褟,50,f
袦邪谐芯屑械写屑褍褉邪写,50,m
袨谐邪薪械蟹,50,m
袗胁械褌,50,m
袦邪谐写懈,50,m
袗斜褍褌邪谢懈斜,50,m
袗褋泻械褉褏邪薪,50,m
袛懈薪褟,50,f
袛邪褕邪,50,m
袛懈薪,50,m
袪邪褏懈屑写卸邪薪,50,m
袦邪泄邪,50,f
袦邪褋褌芯薪,50,m
袗泄写邪褕,50,f
袦邪褉褌懈薪邪,50,f
袪邪褔褜褟,50,m
袥懈薪,50,m
袪邪褎懈写,50,m
笑褘褉械薪写芯褉卸懈,50,m
携谐邪褎邪褉,50,m
协褉泻械屑械薪,50,m
小邪斜懈褉蟹褟薪,50,m
袞邪褎褟褉褜,50,m
协褉懈泄,50,m
